store_no,store_name,store_city,county_name
2191,KEOKUK SPIRITS,KEOKUK,LEE
10270,LIQUOR LOVERS  / ANKENY,ANKENY,POLK
2683,HY-VEE FAST & FRESH / WDM,WEST DES MOINES,POLK
4070,GRIEDER BEVERAGE DEPOT,BELLE PLAINE,BENTON
4025,KARAM KAUR KHASRIYA LLC,BELLE PLAINE,BENTON
10045,COUNTRY FOODS / BELLE PLAINE,BELLE PLAINE,BENTON
5819,CASEY'S GENERAL STORE #2530 / ALTA,ALTA,BUENA VISTA
4982,KIMMES COUNTRY STORE ALTA 05,ALTA,BUENA VISTA
6229,BEER THIRTY STORM LAKE / STORM LAKE,STORM LAKE,BUENA VISTA
5326,ALS LIQUOR,STORM LAKE,BUENA VISTA
5028,MIDTOWN LIQUOR,STORM LAKE,BUENA VISTA
2576,HY-VEE WINE AND SPIRITS / STORM LAKE,STORM LAKE,BUENA VISTA
3749,WAL-MART 1526 / STORM LAKE,STORM LAKE,BUENA VISTA
4163,FAREWAY STORES #461 / STORM LAKE,STORM LAKE,BUENA VISTA
4700,J & C GROCERY / ALLISON,ALLISON,BUTLER
5641,CASEY'S GENERAL STORE #1729 / ARLINGTON,APLINGTON,BUTLER
4999,CASEY'S GENERAL STORE #2680 / CLARKS,CLARKSVILLE,BUTLER
5640,CASEY'S GENERAL STORE #3371 / NEW HARTFORD,NEW HARTFORD,BUTLER
4110,"BROTHERS MARKET, INC.",PARKERSBURG,BUTLER
4998,LAKE CITY FOOD CENTER,LAKE CITY,CALHOUN
5193,CASEY'S GENERAL STORE #2518 / LOHRVI,LOHRVILLE,CALHOUN
5159,KIMMES ROCKWELL CITY COUNTRY STORE #,ROCKWELL CITY,CALHOUN
6262,"FAREWAY STORES, INC. #222 / ROCKWELL CITY",ROCKWELL CITY,CALHOUN
6316,BEER THIRTY CARROLL / CARROLL,CARROLL,CARROLL
4158,FAREWAY STORES #409 / CARROLL,CARROLL,CARROLL
5749,CASEY'S GENERAL STORE #3025 / CARROLL,CARROLL,CARROLL
6283,KIMMES CARROLL COUNTRY STORE 1 / CARROLL,CARROLL,CARROLL
4001,WAL-MART 1787 / CARROLL,CARROLL,CARROLL
5563,CASEY'S GENERAL STORE #3082 / CARROLL,CARROLL,CARROLL
5781,CASEY'S GENERAL STORE #2898 / CLARENCE,CLARENCE,CEDAR
5071,JEFF'S MARKET / DURANT,DURANT,CEDAR
4269,TIPTON FAMILY FOODS,TIPTON,CEDAR
10118,TIGER MART / TIPTON,TIPTON,CEDAR
4412,KUM & GO #267 / TIPTON,TIPTON,CEDAR
4013,WAL-MART 0841 / TIPTON,TIPTON,CEDAR
10004,JACK & JILL STORE / WEST BRANCH,WEST BRANCH,CEDAR
4969,LAKE LIQUORS WINE AND SPIRITS,CLEAR LAKE,CERRO GORDO
5670,JONESY'S STOP N SHOP,ROCKWELL,CERRO GORDO
4923,CASEY'S GENERAL STORE #2270 / AURELIA,AURELIA,CHEROKEE
5617,CASEY'S GENERAL STORE #2513 / NASHUA,NASHUA,CHICKASAW
5184,CASEY'S GENERAL STORE #3440 / CAMANC,CAMANCHE,CLINTON
4132,CAMANCHE FOOD PRIDE,CAMANCHE,CLINTON
3920,SMOKIN' JOE'S #11 TOBACCO AND LIQUOR OUTLET,CLINTON,CLINTON
10157,SA TOBACCO LIQUOR MART / CLINTON,CLINTON,CLINTON
2616,HY-VEE FOOD AND DRUG / CLINTON,CLINTON,CLINTON
6125,GATEWAY MART / CLINTON,CLINTON,CLINTON
2806,OSCO #1118 / CLINTON,CLINTON,CLINTON
6000,PORTERS CONVENIENCE 66 / CLINTON,CLINTON,CLINTON
10035,LIQUOR TOBACCO & VAPE / CLINTON,CLINTON,CLINTON
3647,WAL-MART 2889 / CLINTON,CLINTON,CLINTON
4480,CIRCLE K #4706602 / CLINTON,CLINTON,CLINTON
5682,AMBYSURE INC / CLINTON,CLINTON,CLINTON
5804,CASEY'S GENERAL STORE #2030 / CLINTON,CLINTON,CLINTON
4204,FAREWAY STORES #025 / CLINTON,CLINTON,CLINTON
6237,SMOKIN' JOE'S TOBACCO & LIQUOR OUTLET #03 / CLINTON,CLINTON,CLINTON
5298,DEWITT TRAVEL MART,DEWITT,CLINTON
6225,DAY BREAK / WHEATLAND,WHEATLAND,CLINTON
6242,WALL TO WALL WINE AND SPIRITS / WEST DES MOINES,WEST DES MOINES,DALLAS
10038,KUM & GO #1074 / WDM,WEST DES MOINES,DALLAS
5054,CORK 'N BOTTLE / MANCHESTER,MANCHESTER,DELAWARE
4019,WAL-MART 1506 / MANCHESTER,MANCHESTER,DELAWARE
6121,LIQUOR TOBACCO & VAPE / MANCHESTER,MANCHESTER,DELAWARE
5956,BP FUEL / DUBUQUE,DUBUQUE,DUBUQUE
5660,NORTH SIDE LIQUOR & TOBACCO / DUBUQUE,DUBUQUE,DUBUQUE
5597,LIQUOR TOBACCO & GAS,DUBUQUE,DUBUQUE
5815,SUPER STOP IV - DUBUQUE,DUBUQUE,DUBUQUE
2465,SID'S BEVERAGE SHOP,DUBUQUE,DUBUQUE
10221,SUPER STOP 3 / DUBUQUE,DUBUQUE,DUBUQUE
5957,"LIQUOR, TOBACCO & GROCERY / DUBUQUE",DUBUQUE,DUBUQUE
5886,BEECHER LIQUOR / DUBUQUE,DUBUQUE,DUBUQUE
6132,DUBUQUE WINE & SPIRITS,DUBUQUE,DUBUQUE
3841,HARTIG DRUG COMPANY #2 / LOCUST,DUBUQUE,DUBUQUE
5529,BIG 10 MART,DUBUQUE,DUBUQUE
5909,EZ STOP 1 / DUBUQUE,DUBUQUE,DUBUQUE
4536,CASEY'S GENERAL STORE #2420 / DUBUQUE,DUBUQUE,DUBUQUE
6069,BIG 10 MART #12 / DUBUQUE,DUBUQUE,DUBUQUE
3774,EAGLE COUNTRY MARKET / DUBUQUE,DUBUQUE,DUBUQUE
2709,HY-VEE FAST AND FRESH - DUBUQUE,DUBUQUE,DUBUQUE
6070,BIG 10 MART #11 / DUBUQUE,DUBUQUE,DUBUQUE
4765,KWIK STOP C-STORES / DUBUQUE,DUBUQUE,DUBUQUE
5874,KWIK STOP FOOD MART / DUBUQUE,DUBUQUE,DUBUQUE
2713,HY-VEE DYERSVILLE DOLLAR FRESH,DYERSVILLE,DUBUQUE
3849,HARTIG DRUG CO #6 / DYERSVILLE,DYERSVILLE,DUBUQUE
3744,RANDY'S NEIGHBORHOOD MARKET / DYERSVILLE,DYERSVILLE,DUBUQUE
4182,FAREWAY STORES #008 / DYERSVILLE,DYERSVILLE,DUBUQUE
5602,CASEY'S GENERAL STORE #2585 / DYERSVILLE,DYERSVILLE,DUBUQUE
5118,KWIK STOP #82  /  PEOSTA,PEOSTA,DUBUQUE
5359,FAREWAY STORES #168/ PEOSTA,PEOSTA,DUBUQUE
4156,FAREWAY STORES #412 / OELWEIN,OELWEIN,FAYETTE
5736,218 FUEL EXPRESS,FLOYD,FLOYD
10141,CROSSROADS / HAMPTON,HAMPTON,FRANKLIN
4547,FAREWAY STORES #902 / HAMPTON,HAMPTON,FRANKLIN
2716,HY-VEE HAMPTON DOLLAR FRESH,HAMPTON,FRANKLIN
10196,ONE STOP / HAMPTON,HAMPTON,FRANKLIN
4553,CASEY'S GENERAL STORE #1892 / SHEFFIELD,SHEFFIELD,FRANKLIN
4190,FAREWAY STORES #888 / JEFFERSON,JEFFERSON,GREENE
2671,HY-VEE  /  JEFFERSON,JEFFERSON,GREENE
4539,CASEY'S GENERAL STORE #40 / SCRANTON,SCRANTON,GREENE
5206,BROTHERS MARKET  /  GRUNDY CENTER,GRUNDY CENTER,GRUNDY
4495,CASEY'S GENERAL STORE #3055 / GRUNDY CENTER,GRUNDY CENTER,GRUNDY
6024,CASEY'S GENERAL STORE #1589 / GRUNDY CENTER,GRUNDY CENTER,GRUNDY
5626,CORWITH FARM SERVICE,CORWITH,HANCOCK
4172,SHAMROCK SPIRITS,ALDEN,HARDIN
6018,CASEY'S GENERAL STORE #2532 / ELDORA,ELDORA,HARDIN
4250,FAREWAY STORES #882 / ELDORA,ELDORA,HARDIN
5739,CASEY'S GENERAL STORE #1455,HUBBARD,HARDIN
2539,HY-VEE FOOD STORE (1295) / IOWA FALLS,IOWA FALLS,HARDIN
6226,ROCK C LIQUOR & WINE & TOBACCO / IOWA FALLS,IOWA FALLS,HARDIN
4024,WAL-MART 1546 / IOWA FALLS,IOWA FALLS,HARDIN
4284,FAREWAY STORES #559 / IOWA FALLS,IOWA FALLS,HARDIN
5620,CASEY'S GENERAL STORE #2874 / RICEVILLE,RICEVILLE,HOWARD
3650,"SPIRITS, STOGIES AND STUFF",HOLSTEIN,IDA
5397,CASEY'S GENERAL STORE # 2774/AMANA,AMANA,IOWA
3417,BIG G FOOD STORE,MARENGO,IOWA
6327,PRIMESTAR / MARENGO,MARENGO,IOWA
5551,CASEY'S GENERAL STORE #2769 / WILLIAMSBURG,WILLIAMSBURG,IOWA
5708,BROTHERS MARKET / WILLIAMSBURG,WILLIAMSBURG,IOWA
6321,COLONY POINT FUEL & GAS - WILLIAMSBURG,WILLIAMSBURG,IOWA
5407,CASEY'S GENERAL STORE # 2528/ WILLIAMSBURG,WILLIAMSBURG,IOWA
3488,BENDER'S FOODS,BELLEVUE,JACKSON
4540,CASEY'S GENERAL STORE #2915 / BELLEVUE,BELLEVUE,JACKSON
6331,MAIN STREET TOBACCO SHOP / MAQUOKETA,MAQUOKETA,JACKSON
6178,HY-VEE DOLLAR FRESH / MAQUOKETA,MAQUOKETA,JACKSON
3934,WAL-MART 1509 / MAQUOKETA,MAQUOKETA,JACKSON
6031,CASEY'S GENERAL STORE #2846 / MAQUOKETA,MAQUOKETA,JACKSON
6123,PRESTON COUNTRY STORE,PRESTON,JACKSON
4885,OTTER CREEK STOP / ZWINGLE,ZWINGLE,JACKSON
5138,KELLOGG COUNTRY STORE,KELLOGG,JASPER
5546,CASEY'S GENERAL STORE #2341 / NEWTON,NEWTON,JASPER
4604,PIT STOP LIQUORS / NEWTON,NEWTON,JASPER
10162,NEWTON MARKET / NEWTON,NEWTON,JASPER
10198,WORLD LIQUOR & TOBACCO PLUS VAPORS,NEWTON,JASPER
5275,CASEY'S GENERAL STORE # 2417/ NEWTON,NEWTON,JASPER
2675,HY-VEE #2 / CORALVILLE,CORALVILLE,JOHNSON
2670,HY-VEE FOOD STORE / CORALVILLE,CORALVILLE,JOHNSON
4677,COSTCO WHOLESALE #1111 / CORALVILLE,CORALVILLE,JOHNSON
10187,CASEY'S #4368 / CORALVILLE,CORALVILLE,JOHNSON
2512,HY-VEE WINE AND SPIRITS #1 (1281) / IOWA CITY,IOWA CITY,JOHNSON
3565,HARTIG DRUG STORE #10 / IOWA CITY,IOWA CITY,JOHNSON
4157,FAREWAY STORES #993 / NORTH LIBERTY,NORTH LIBERTY,JOHNSON
6054,LIBERTY VIEW WINE & SPIRITS / NORTH LIBERTY,NORTH LIBERTY,JOHNSON
5404,THE DEPOT OXFORD LLC,OXFORD,JOHNSON
5039,CASEY'S GENERAL STORE #3384 / SOLON,SOLON,JOHNSON
4126,SAM'S MAINSTREET MARKET / SOLON,SOLON,JOHNSON
9001,CEDAR RIDGE VINEYARDS (ET),SWISHER,JOHNSON
5734,FAREWAY STORES #193 / TIFFIN,TIFFIN,JOHNSON
5655,ONE STOP SHOP #3 / ALGONA,ALGONA,KOSSUTH
9041,S&B FARMS DISTILLERY (ET),BANCROFT,KOSSUTH
6236,WESTSIDE SPIRITS / CEDAR RAPIDS,CEDAR RAPIDS,LINN
3773,BENZ DISTRIBUTING,CEDAR RAPIDS,LINN
10300,ESSENTIALS / CEDAR RAPIDS,CEDAR RAPIDS,LINN
5417,CASEY'S GENERAL STORE # 2792/CEDAR RAPIDS,CEDAR RAPIDS,LINN
4489,CASEY'S GENERAL STORE #2763 / CEDAR RAPIDS,CEDAR RAPIDS,LINN
5481,TOBACCO OUTLET & LIQUOR,CEDAR RAPIDS,LINN
2552,HY-VEE FOOD STORE #3 (1056) / CEDAR RAPIDS,CEDAR RAPIDS,LINN
4566,KUM & GO #508 / CEDAR RAPIDS,CEDAR RAPIDS,LINN
10208,HAWKEYE CONVENIENCE STORE / CEDAR RAPIDS,CEDAR RAPIDS,LINN
2508,HY-VEE FOOD STORE #1 (1054) / CEDAR RAPIDS,CEDAR RAPIDS,LINN
2647,HY-VEE #7 / CEDAR RAPIDS,CEDAR RAPIDS,LINN
5207,JIM'S FOODS  /  CEDAR RAPIDS,CEDAR RAPIDS,LINN
5462,7STAR LIQUOR & TOBACCO OUTLET,CEDAR RAPIDS,LINN
6233,QUICK STOP / CEDAR RAPIDS,CEDAR RAPIDS,LINN
3912,SMOKIN' JOE'S #14 TOBACCO AND LIQUOR OUTLET,CEDAR RAPIDS,LINN
4956,THE COOLER,CEDAR RAPIDS,LINN
5176,SMOKIN' JOE'S #15 TOBACCO AND LIQUOR OUTLET,CEDAR RAPIDS,LINN
5570,CASEY'S GENERAL STORE #2776 / CEDAR RAPIDS,CEDAR RAPIDS,LINN
5687,CASEY'S GENERAL STORE #3756 / CEDAR RAPIDS,CEDAR RAPIDS,LINN
5646,IOWA SMOKE AND LIQUOR,CEDAR RAPIDS,LINN
4162,FAREWAY STORES #963 / CEDAR RAPIDS,CEDAR RAPIDS,LINN
5094,CASEY'S GENERAL STORE #2778 / CEDAR,CEDAR RAPIDS,LINN
5420,CASEY'S GENERAL STORE # 2212/ CEDAR RAPIDS,CEDAR RAPIDS,LINN
4950,KUM & GO #514 / CEDAR RAPIDS,CEDAR RAPIDS,LINN
5254,DISCOUNT LIQUOR,CEDAR RAPIDS,LINN
5064,CASEY'S GENERAL STORE #2777 / FAIRFA,FAIRFAX,LINN
4856,BROTHERS MARKET / LISBON,LISBON,LINN
5102,WILKIE LIQUORS,MOUNT VERNON,LINN
5740,NEW STAR / KNOXVILLE,KNOXVILLE,MARION
2544,HY-VEE FOOD STORE (1403) / MARSHALLTOWN,MARSHALLTOWN,MARSHALL
6290,S & S MEATS AND SPIRITS / OSAGE,OSAGE,MITCHELL
4559,RANDY'S NEIGHBORHOOD MARKET / OSAGE,OSAGE,MITCHELL
4806,GIRI'S LIQUOR STORE / WEST LIBERTY,WEST LIBERTY,MUSCATINE
4970,JEFF'S MARKET / WEST LIBERTY,WEST LIBERTY,MUSCATINE
5070,JEFF'S MARKET / WILTON,WILTON,MUSCATINE
4569,CAR-GO-EXPRESS / SUTHERLAND,SUTHERLAND,O'BRIEN
6245,NEIGHBORHOOD LIQUOR HOUSE / ANKENY,ANKENY,POLK
10074,COSTCO WHOLESALE #1630 / ANKENY,ANKENY,POLK
4083,FAREWAY STORES #909 / ANKENY,ANKENY,POLK
2190,"CENTRAL CITY LIQUOR, INC.",DES MOINES,POLK
2561,HY-VEE FOOD STORE (1148) / FLEUR / DSM,DES MOINES,POLK
2528,HY-VEE FOOD STORE #3 (1142) / DES MOINES,DES MOINES,POLK
4617,LICKETY LIQUOR,DES MOINES,POLK
3696,WAL-MART 1723 / DES MOINES,DES MOINES,POLK
4829,CENTRAL CITY 2,DES MOINES,POLK
2633,HY-VEE #3 / BDI / DES MOINES,DES MOINES,POLK
2636,HY-VEE WINE AND SPIRITS / HUBBELL,DES MOINES,POLK
5245,BEST TRIP,DES MOINES,POLK
2527,HY-VEE FOOD STORE #5 (1151) / DES MOINES,DES MOINES,POLK
2696,HY-VEE C-STORE / SE ARMY POST,DES MOINES,POLK
5533,FAREWAY STORES #183 / FLEUR,DES MOINES,POLK
2536,HY-VEE (1530) / PLEASANT HILL,PLEASANT HILL,POLK
6267,POLK CITY LIQUOR / POLK CITY,POLK CITY,POLK
2707,HY-VEE FAST AND FRESH - URBANDALE,URBANDALE,POLK
5869,TOBACCO OUTLET PLUS #507 - URBANDALE,URBANDALE,POLK
6119,ALLCOOL LIQUORS / WDM,WEST DES MOINES,POLK
5873,WEST D LIQUORS,WEST DES MOINES,POLK
2619,HY-VEE WINE AND SPIRITS / WDM,WEST DES MOINES,POLK
3806,TARGET STORE T-1901 / WDM,WEST DES MOINES,POLK
10272,UNIVERSITY LIQUORS / WEST DES MOINES,WEST DES MOINES,POLK
2648,HY-VEE #4 / WDM,WEST DES MOINES,POLK
6199,BLIND PIG COCKTAIL BODEGA WEST DES MOINES,WEST DES MOINES,POLK
4379,KUM & GO #2091 / ASHWORTH / WDM,WEST DES MOINES,POLK
6046,CASEY'S GENERAL STORE #2150 / WDM,WEST DES MOINES,POLK
5340,KUM & GO #532/ WEST DSM,WEST DES MOINES,POLK
6260,SUPERQUICK LIQUOR VINE / WEST DES MOINES,WEST DES MOINES,POLK
5092,KUM & GO #3035 / WEST DES MOINES,WEST DES MOINES,POLK
10134,"FAREWAY STORES, INC. #232 / WEST DES MOINES",WEST DES MOINES,POLK
10239,KUM & GO #98 / WEST DES MOINES,WEST DES MOINES,POLK
2630,HY-VEE DRUGSTORE #2 / WDM,WEST DES MOINES,POLK
4371,KUM & GO #50 / WEST DES MOINES,WEST DES MOINES,POLK
4518,CASEY'S GENERAL STORE #2824 / WDM,WEST DES MOINES,POLK
6044,CASEY'S GENERAL STORE #2297 / WDM,WEST DES MOINES,POLK
10099,MILLS GROCERY AND LIQUOR / WEST DES MOINES,WEST DES MOINES,POLK
10146,BROOKLYN GROCERY / BROOKLYN,BROOKLYN,POWESHIEK
3712,MONTE SPIRITS,MONTEZUMA,POWESHIEK
5150,CASEY'S GENERAL STORE #2815  /  VICT,VICTOR,POWESHIEK
5663,LAKE VIEW REDEMPTION & LIQUOR STORE,LAKE VIEW,SAC
4116,LAKE VIEW FOODS,LAKE VIEW,SAC
2200,SAC LIQUOR STORE,SAC CITY,SAC
6105,BREW OIL #42,SAC CITY,SAC
5010,SAC CITY FOOD PRIDE,SAC CITY,SAC
5354,KIMMES WALL LAKE,WALL LAKE,SAC
10065,MADELLA WINE AND SPIRITS / BETTENDORF,BETTENDORF,SCOTT
6287,RIVERSIDE #4 / BETTENDORF,BETTENDORF,SCOTT
4699,WALGREENS #06553 / BETTENDORF,BETTENDORF,SCOTT
5716,BIG 10 MART #69,BETTENDORF,SCOTT
5888,BIG 10 MART #62 / BETTENDORF,BETTENDORF,SCOTT
4915,CASEY'S GENERAL STORE #2429 / BETTENDORF,BETTENDORF,SCOTT
10165,SUPER MARKET / DAVENPORT,DAVENPORT,SCOTT
10096,DIVISION MART / DAVENPORT,DAVENPORT,SCOTT
2614,HY-VEE #3 FOOD & DRUGSTORE / DAVENPORT,DAVENPORT,SCOTT
10297,WESTSIDE GROCERY / DAVENPORT,DAVENPORT,SCOTT
2635,HY-VEE #4 / DAVENPORT,DAVENPORT,SCOTT
3776,WAL-MART 5115 / DAVENPORT,DAVENPORT,SCOTT
6139,SUPER SAVER TOBACCO & LIQUOR / DAVENPORT,DAVENPORT,SCOTT
5662,RIVERSIDE LIQUOR 2 / DAVENPORT,DAVENPORT,SCOTT
2625,HY-VEE WINE & SPIRITS #2 / DAVENPORT,DAVENPORT,SCOTT
2554,HY-VEE FOOD STORE #1 (1105) / DAVENPORT,DAVENPORT,SCOTT
4638,GD XPRESS / DAVENPORT,DAVENPORT,SCOTT
2678,HY-VEE FAST & FRESH / DAVENPORT,DAVENPORT,SCOTT
5555,SUB EXPRESS & GAS,DAVENPORT,SCOTT
3918,SMOKIN' JOE'S #1 TOBACCO AND LIQUOR OUTLET,DAVENPORT,SCOTT
5003,FAMOUS LIQUORS,DAVENPORT,SCOTT
6092,A&S FOOD AND GAS / DAVENPORT,DAVENPORT,SCOTT
5846,ROCKINGHAM LIQUOR - DAVENPORT,DAVENPORT,SCOTT
10121,BIG 10 MART #18 / DAVENPORT,DAVENPORT,SCOTT
5621,SUN MART,DAVENPORT,SCOTT
4748,WALGREENS #06186 / DAVENPORT,DAVENPORT,SCOTT
5436,SMOKIN' JOE'S #8 TOBACCO AND LIQUOR OUTLET,DAVENPORT,SCOTT
10070,LE CLAIRE GROCERY STORE / LE CLAIRE,LE CLAIRE,SCOTT
5656,CODY MART GAS & LIQUOR,LE CLAIRE,SCOTT
10241,"FAREWAY STORES, INC. #237 / LE CLAIRE",LE CLAIRE,SCOTT
5725,EXPRESS LANE GAS & FOOD MART #79,PLEASANT VALLEY,SCOTT
5794,CASEY'S GENERAL STORE #1922 / WALCOTT,WALCOTT,SCOTT
4549,CASEY'S GENERAL STORE #2913 / COLO,COLO,STORY
3943,GOOD AND QUICK CO,NEVADA,STORY
2644,HY-VEE FORT DODGE WINE AND SPIRITS,FORT DODGE,WEBSTER
5351,DOWNTOWN LIQUOR,SIOUX CITY,WOODBURY
5388,KUM & GO #119/ NORTHWOOD,NORTHWOOD,WORTH
3664,SHADE TREE LIQUORS,NORTHWOOD,WORTH
5383,CASEY'S GENERAL STORE # 1753/ NORTHWOOD,NORTHWOOD,WORTH
3654,THE BEVERAGE SHOP / BELMOND,BELMOND,WRIGHT
5173,AUDUBON FOOD LAND,AUDUBON,AUDUBON
5232,CASEY'S GENERAL STORE #27  /  AUDUBO,AUDUBON,AUDUBON
5856,STATION MART #1 - EVANSDALE,EVANSDALE,BLACK HAWK
6257,STATION MART 2 / EVANSDALE,EVANSDALE,BLACK HAWK
4153,FAREWAY STORES #067 / EVANSDALE,EVANSDALE,BLACK HAWK
5202,CASEY'S GENERAL STORE #2900 / GILBER,GILBERTVILLE,BLACK HAWK
5526,RANDALL'S STOP N SHOP,HUDSON,BLACK HAWK
5612,CASEY'S GENERAL STORE #66 / LAPORTE CITY,LA PORTE CITY,BLACK HAWK
2643,HY-VEE WINE AND SPIRITS / WATERLOO,WATERLOO,BLACK HAWK
5730,JIM'S FOOD,WATERLOO,BLACK HAWK
6223,PRIME MART / WATERLOO,WATERLOO,BLACK HAWK
5914,UNI MART / WATERLOO,WATERLOO,BLACK HAWK
5771,CASEY'S GENERAL STORE #2867 / WATERLOO,WATERLOO,BLACK HAWK
4265,KWIK STOP 3 / WATERLOO,WATERLOO,BLACK HAWK
5113,"RAY'S SUPERMARKET, INC.",WATERLOO,BLACK HAWK
3993,NEW STAR LIQUOR / W 4TH S / WATERLOO,WATERLOO,BLACK HAWK
3690,TARGET STORE T-1792 / WATERLOO,WATERLOO,BLACK HAWK
5900,NEW STAR FLETCHER / WATERLOO,WATERLOO,BLACK HAWK
5415,PRIME MART 7 / WATERLOO,WATERLOO,BLACK HAWK
5863,K-ZAR INC - WATERLOO,WATERLOO,BLACK HAWK
10200,"MUGHAL, INC. / WATERLOO",WATERLOO,BLACK HAWK
5504,NEIGHBORHOOD MART,WATERLOO,BLACK HAWK
5599,KWIK STOP 4,WATERLOO,BLACK HAWK
5731,HOMETOWN FOODS,WATERLOO,BLACK HAWK
6039,CASEY'S GENERAL STORE #2879 / WATERLOO,WATERLOO,BLACK HAWK
4978,PRIME MART / WATERLOO,WATERLOO,BLACK HAWK
5712,CASEY'S #2866-WATERLOO,WATERLOO,BLACK HAWK
6038,CASEY'S GENERAL STORE #2880 / WATERLOO,WATERLOO,BLACK HAWK
5770,CASEY'S GENERAL STORE #2427 / WATERLOO,WATERLOO,BLACK HAWK
5893,CASEY'S GENERAL STORE #3880 / WATERLOO,WATERLOO,BLACK HAWK
10063,IB PONY / WATERLOO,WATERLOO,BLACK HAWK
4203,LIQUOR AND TOBACCO OUTLET /,WAVERLY,BREMER
4146,FAREWAY STORES #561 / WAVERLY,WAVERLY,BREMER
4938,PRONTO MARKET,HAZLETON,BUCHANAN
4148,FAREWAY STORES #479 / INDEPENDENCE,INDEPENDENCE,BUCHANAN
6243,HY-VEE DOLLAR FRESH / INDEPENDENCE,INDEPENDENCE,BUCHANAN
6173,MINI-MART / INDEPENDENCE,INDEPENDENCE,BUCHANAN
5773,CASEY'S GENERAL STORE #2239 / INDEPENDENCE,INDEPENDENCE,BUCHANAN
10188,NICKS FAMILY GROCERY / WINTHROP,WINTHROP,BUCHANAN
5522,CASEY'S GENERAL STORE #3653 / GREENE,GREENE,BUTLER
2593,HY-VEE FOOD STORE / CARROLL,CARROLL,CARROLL
5343,FROHLICH'S SUPER VALU,COON RAPIDS,CARROLL
5203,KIMMES COON RAPIDS COUNTRY STORE #12,COON RAPIDS,CARROLL
3756,MAIN STREET LIQUORS / MANNING,MANNING,CARROLL
2591,HY-VEE WINE AND SPIRITS / ATLANTIC,ATLANTIC,CASS
2652,HY-VEE DRUGSTORE / MASON CITY,MASON CITY,CERRO GORDO
4143,BUCKY'S / LAWLER,LAWLER,CHICKASAW
4285,FAREWAY STORES #922 / NEW HAMPTON,NEW HAMPTON,CHICKASAW
5605,CASEY'S GENERAL STORE #1416 / NEW HAMPTON,NEW HAMPTON,CHICKASAW
3997,WAL-MART 4606 / OSCEOLA,OSCEOLA,CLARKE
4260,FAREWAY STORES #699 / OSCEOLA,OSCEOLA,CLARKE
4544,CASEY'S GENERAL STORE #1898 / OSCEOLA,OSCEOLA,CLARKE
9042,"AMERICAN HERITAGE DISTILLERS, LLC (ET)",SPENCER,CLAY
5916,ANOTHER ROUND / DEWITT,DEWITT,CLINTON
5844,CASEY'S GENERAL STORE #3826 - ADEL,ADEL,DALLAS
2665,HY-VEE / WAUKEE,WAUKEE,DALLAS
10136,STAR LIQUOR TOBACCO AND VAPE / WAUKEE,WAUKEE,DALLAS
4137,FAREWAY STORES #989 / WAUKEE,WAUKEE,DALLAS
6261,WAUKEE LIQUOR & FOOD MART / WAUKEE,WAUKEE,DALLAS
3814,COSTCO WHOLESALE #788 / WDM,WEST DES MOINES,DALLAS
6074,HILL COUNTRY CONVENIENCE STORE / COLESBURG,COLESBURG,DELAWARE
3944,SAM'S CLUB 4973 / DUBUQUE,DUBUQUE,DUBUQUE
5498,6 CORNERS GAS & GRUB,ARLINGTON,FAYETTE
10098,THE PUMPER / FAYETTE,FAYETTE,FAYETTE
2704,HY-VEE OELWEIN DOLLAR FRESH,OELWEIN,FAYETTE
10105,OELWEIN LIQUORS LLC / OELWEIN,OELWEIN,FAYETTE
5609,CASEY'S GENERAL STORE #2682 / OELWEIN,OELWEIN,FAYETTE
3930,KUENNEN'S LIQUOR STORE,ST LUCAS,FAYETTE
5186,CASEY'S GENERAL STORE #3452 / WEST U,WEST UNION,FAYETTE
10085,DIAMOND SPIRIT TOBACCO AND VAPE / CHARLES CITY,CHARLES CITY,FLOYD
2578,HY-VEE / CHARLES CITY,CHARLES CITY,FLOYD
5366,LIQUOR BEER & TOBACCO OUTLET,CHARLES CITY,FLOYD
4321,FAREWAY STORES #501 / CHARLES CITY,CHARLES CITY,FLOYD
6136,RUSH STOP / CHARLES CITY,CHARLES CITY,FLOYD
5603,CASEY'S GENERAL STORE #2480 / CHARLES CITY,CHARLES CITY,FLOYD
4524,CASEY'S GENERAL STORE #1139 / NORA SPRINGS,NORA SPRINGS,FLOYD
4657,CASEY'S GENERAL STORE #2526 / WELLSBURG,WELLSBURG,GRUNDY
4395,KUM & GO #133 / ELLSWORTH,ELLSWORTH,HAMILTON
5362,CROSSROADS WINE & SPIRITS LLC,DUNLAP,HARRISON
3611,LOGAN SUPER FOODS,LOGAN,HARRISON
4152,FOOD LAND SUPER MARKETS,MISSOURI VALLEY,HARRISON
5114,CASEY'S GENERAL STORE #2612 / MISSOU,MISSOURI VALLEY,HARRISON
4000,FOODLAND SUPER MARKETS / WOODBINE,WOODBINE,HARRISON
5244,THE OX & WREN SPIRITS AND GIFTS,CRESCO,HOWARD
4233,FAREWAY STORES #815 / CRESCO,CRESCO,HOWARD
2705,HY-VEE CRESCO DOLLAR FRESH,CRESCO,HOWARD
6120,CRESCO MART,CRESCO,HOWARD
4769,ELMA LOCKER AND GROCERY,ELMA,HOWARD
5004,IDA GROVE FOOD PRIDE,IDA GROVE,IDA
5151,BREW IDA GROVE,IDA GROVE,IDA
3652,DISCOUNT LIQUORS OF IDA GROVE,IDA GROVE,IDA
6062,KARLS GROCERY / EDGEWOOD,EDGEWOOD,IOWA
5252,FREEMAN FOODS OF NORTH ENGLISH,NORTH ENGLISH,IOWA
6040,HOMETOWN FOODS / TRAER,TRAER,IOWA
5933,ALI'S CORNER / WATERLOO,WATERLOO,IOWA
5510,KUM & GO #1443 / WILLIAMSBURG,WILLIAMSBURG,IOWA
10161,KIMMES BAXTER COUNTRY STORE #13 / BAXTER,BAXTER,JASPER
2517,HY-VEE FOOD STORE #1 (1449) / NEWTON,NEWTON,JASPER
4194,FAREWAY STORES #848 / NEWTON,NEWTON,JASPER
3624,WAL-MART 0748 / NEWTON,NEWTON,JASPER
10089,CASEY'S #4306 / FAIRFIELD,FAIRFIELD,JEFFERSON
4698,QUALITY QUICK STOP / FAIRFIELD,FAIRFIELD,JEFFERSON
2601,HY-VEE FOOD STORE / FAIRFIELD,FAIRFIELD,JEFFERSON
10206,HAWKEYE SMOKE SHOP / FAIRFIELD,FAIRFIELD,JEFFERSON
4021,WAL-MART 0985 / FAIRFIELD,FAIRFIELD,JEFFERSON
5743,CASEY'S GENERAL STORE #3327 / FAIRFIELD,FAIRFIELD,JEFFERSON
6190,HAWKS LIQUOR & TOBACCO / CORALVILLE,CORALVILLE,JOHNSON
5197,KUM & GO #201 / CORALVILLE,CORALVILLE,JOHNSON
3670,WAL-MART 2827 / CORALVILLE,CORALVILLE,JOHNSON
5870,KEYSTONE LIQUOR,CORALVILLE,JOHNSON
6035,BOOTLEGGING BARZINIS,CORALVILLE,JOHNSON
5405,KUM & GO #524/ CORALVILLE,CORALVILLE,JOHNSON
3873,TARGET STORE T-1113 / CORALVILLE,CORALVILLE,JOHNSON
4697,SOUTHSIDE LIQUOR & TOBACCO / IOWA CITY,IOWA CITY,JOHNSON
6041,LIQUOR DOWNTOWN / IOWA CITY,IOWA CITY,JOHNSON
6008,TARGET STORE T-3374 / IOWA CITY,IOWA CITY,JOHNSON
4160,FAREWAY STORES #034 / IOWA CITY,IOWA CITY,JOHNSON
2622,HY-VEE FOOD STORE / IOWA CITY,IOWA CITY,JOHNSON
10003,TOP SHELF LIQUOR / IOWA CITY,IOWA CITY,JOHNSON
5871,GM MART / IOWA CITY,IOWA CITY,JOHNSON
6135,KIRKWOOD LIQUOR AND TOBACCO / IOWA CITY,IOWA CITY,JOHNSON
2545,HY-VEE DRUGSTORE (7042) / IOWA CITY,IOWA CITY,JOHNSON
2513,HY-VEE FOOD STORE #2 (1285) / IOWA CITY,IOWA CITY,JOHNSON
10005,THE CROWN LIQUOR / IOWA CITY,IOWA CITY,JOHNSON
4457,KUM & GO #422 / IOWA CITY,IOWA CITY,JOHNSON
5567,KUM & GO #3504 / IOWA CITY,IOWA CITY,JOHNSON
6246,KWIK STAR #1142  / IOWA CITY,IOWA CITY,JOHNSON
3980,WAL-MART 1721 / IOWA CITY,IOWA CITY,JOHNSON
4161,FAREWAY STORES #950 / IOWA CITY,IOWA CITY,JOHNSON
5060,L&M MIGHTY SHOP,IOWA CITY,JOHNSON
4456,KUM & GO #53 / IOWA CITY,IOWA CITY,JOHNSON
5952,KWIK SPIRITS #537 / IOWA CITY,IOWA CITY,JOHNSON
10185,CASEY'S #4367 / IOWA CITY,IOWA CITY,JOHNSON
5242,KUM & GO #3502 / IOWA CITY,IOWA CITY,JOHNSON
10183,CROWN LIQUOR & SMOKE / IOWA CITY,IOWA CITY,JOHNSON
5926,GOPUFF / IOWA CITY,IOWA CITY,JOHNSON
10186,CASEY'S #4369 / IOWA CITY,IOWA CITY,JOHNSON
6259,HY-VEE #3 GAS / IOWA CITY,IOWA CITY,JOHNSON
5514,JOHNCY'S LIQUOR STORE,NORTH LIBERTY,JOHNSON
4427,KUM & GO #507 / NORTH LIBERTY,NORTH LIBERTY,JOHNSON
5987,CASEY'S GENERAL STORE #3955 / NORTH LIBERTY,NORTH LIBERTY,JOHNSON
3928,SMOKIN' JOE'S #12 TOBACCO AND LIQUOR OUTLET,NORTH LIBERTY,JOHNSON
4500,CASEY'S GENERAL STORE #2788 / NORTH LIBERTY,NORTH LIBERTY,JOHNSON
10076,HOMETOWN SPIRITS / TIFFIN,TIFFIN,JOHNSON
5649,THE DEPOT TIFFIN,TIFFIN,JOHNSON
4366,KUM & GO #137 / TIFFIN,TIFFIN,JOHNSON
4506,CASEY'S GENERAL STORE #2667 / TIFFIN,TIFFIN,JOHNSON
10268,NEIGHBORHOOD FOOD LIQUOR AND TOBACCO / CEDAR RAPIDS,CEDAR RAPIDS,LINN
2605,HY-VEE DRUGSTORE #5 / CEDAR RAPIDS,CEDAR RAPIDS,LINN
3666,TARGET STORE T-1771 / CEDAR RAPIDS,CEDAR RAPIDS,LINN
3890,SMOKIN' JOE'S #7 TOBACCO AND LIQUOR OUTLET,CEDAR RAPIDS,LINN
10174,FAS MART #5149 / CEDAR RAPIDS,CEDAR RAPIDS,LINN
4490,CASEY'S GENERAL STORE #2766 / CEDAR RAPIDS,CEDAR RAPIDS,LINN
3385,SAM'S CLUB 8162 / CEDAR RAPIDS,CEDAR RAPIDS,LINN
2560,HY-VEE FOOD STORE (1396) / MARION,MARION,LINN
5458,R&L FOODS,DOON,LYON
5153,OAK STREET STATION LLC,INWOOD,LYON
6239,LARCHWOOD QUICK STOP / LARCHWOOD,LARCHWOOD,LYON
4006,LARCHWOOD OFFSALE,LARCHWOOD,LYON
3705,LIQUOR LOCKER,ROCK RAPIDS,LYON
6217,TODD'S SHELL / ROCK RAPIDS,ROCK RAPIDS,LYON
4872,CASEY'S GENERAL STORE #2644 / EARLHAM,EARLHAM,MADISON
10117,OASIS WINE AND SPIRITS - WINTERSET,WINTERSET,MADISON
2672,HY-VEE / WINTERSET,WINTERSET,MADISON
4253,FAREWAY STORES #683 / WINTERSET,WINTERSET,MADISON
4786,CASEY'S GENERAL STORE #1706 / WINTERSET,WINTERSET,MADISON
4848,KUM & GO #246 / WINTERSET,WINTERSET,MADISON
2642,HY-VEE WINE AND SPIRITS / PELLA,PELLA,MARION
4191,FAREWAY STORES #995 / PELLA,PELLA,MARION
5273,CASEY'S GENERAL STORE # 2598/ PELLA,PELLA,MARION
3949,WAL-MART 0751 / PELLA,PELLA,MARION
5643,CONOCO / LE GRAND,LE GRAND,MARSHALL
5444,MARSHALL BEER WINE SPIRITS,MARSHALLTOWN,MARSHALL
3881,7 RAYOS LIQUOR STORE,MARSHALLTOWN,MARSHALL
3719,WAL-MART 0581 / MARSHALLTOWN,MARSHALLTOWN,MARSHALL
6204,DEPOT LIQUOR & GROCERY / MARSHALLTOWN,MARSHALLTOWN,MARSHALL
10100,EASTSIDE LIQUOR AND GROCERY / MARSHALLTOWN,MARSHALLTOWN,MARSHALL
5117,FOOD & GAS MART  /  MARSHALLTOWN,MARSHALLTOWN,MARSHALL
4205,FAREWAY STORES #467 / MARSHALLTOWN,MARSHALLTOWN,MARSHALL
6266,KWIK STAR #607 / MARSHALLTOWN,MARSHALLTOWN,MARSHALL
5303,CASEY'S GENERAL STORE # 3508/ MARSHA,MARSHALLTOWN,MARSHALL
4828,CASEY'S GENERAL STORE #3228 / MARSHALLTOWN,MARSHALLTOWN,MARSHALL
6030,CASEY'S GENERAL STORE #1564 / MARSHALLTOWN,MARSHALLTOWN,MARSHALL
5718,CASEY'S GENERAL STORE #1303,MARSHALLTOWN,MARSHALL
4944,JIFFY EXPRESS / MARTENSDALE,MARTENSDALE,MARSHALL
6318,PRIME STOP.INC / MELBOURNE,MELBOURNE,MARSHALL
10289,BLUE LIQUOR AND TOBACCO STORE / STATE CENTER,STATE CENTER,MARSHALL
5882,HOMETOWN FOODS / STATE CENTER,STATE CENTER,MARSHALL
10235,MAPLETON FOOD LAND / MAPLETON,MAPLETON,MONONA
3932,MAIN STREET SPIRITS / MAPLETON,MAPLETON,MONONA
3723,J D SPIRITS LIQUOR,ONAWA,MONONA
5701,THE HUT 23,ONAWA,MONONA
3907,SMOKIN' JOE'S #16 TOBACCO AND LIQUOR OUTLET,MUSCATINE,MUSCATINE
5735,SUPER SAVER LIQUOR -MUSCATINE,MUSCATINE,MUSCATINE
2573,HY-VEE FOOD STORE / MUSCATINE,MUSCATINE,MUSCATINE
5593,GRANDVIEW MART,MUSCATINE,MUSCATINE
6072,PEARL CITY TOBACCO & LIQUOR OUTLET / MUSCATINE,MUSCATINE,MUSCATINE
5091,KUM & GO #1436 / MUSCATINE,MUSCATINE,MUSCATINE
3563,WAL-MART 0559 / MUSCATINE,MUSCATINE,MUSCATINE
2662,HY-VEE WINE & SPIRITS / MUSCATINE,MUSCATINE,MUSCATINE
4184,FAREWAY STORES #998 / MUSCATINE,MUSCATINE,MUSCATINE
6067,FAST AVE ONE STOP / MUSCATINE,MUSCATINE,MUSCATINE
5765,CASEY'S GENERAL STORE #2906 / MUSCATINE,MUSCATINE,MUSCATINE
5902,GM MINIMART / MUSCATINE,MUSCATINE,MUSCATINE
4467,KUM & GO #438 / MUSCATINE,MUSCATINE,MUSCATINE
10072,EXPRESS MART / MUSCATINE,MUSCATINE,MUSCATINE
10127,GM FOOD MART / MUSCATINE,MUSCATINE,MUSCATINE
4468,CIRCLE K #4706600 / MUSCATINE,MUSCATINE,MUSCATINE
5766,CASEY'S GENERAL STORE #2944 / MUSCATINE,MUSCATINE,MUSCATINE
2661,HY-VEE FOOD STORE / SHELDON,SHELDON,O'BRIEN
5423,STAMMER LIQUOR CORP,SHELDON,O'BRIEN
5622,CASEY'S GENERAL STORE #3044 / SHELDON,SHELDON,O'BRIEN
4248,FAREWAY STORES #021 / SHELDON,SHELDON,O'BRIEN
4891,SCHOTTSY'S LIQUOR,SIBLEY,OSCEOLA
5793,CASEY'S GENERAL STORE #1265 / SIBLEY,SIBLEY,OSCEOLA
2548,HY-VEE FOOD STORE (1011) / ALTOONA,ALTOONA,POLK
4135,FAREWAY STORES #925 / ALTOONA,ALTOONA,POLK
4665,CASEY'S GENERAL STORE #2896 / ANKENY,ANKENY,POLK
3656,TARGET STORE T-1767 / ANKENY,ANKENY,POLK
4810,KUM & GO #518 / ANKENY,ANKENY,POLK
10050,BRAVIM MART INCORPORATED / ANKENY,ANKENY,POLK
2666,HY-VEE FOOD STORE #2 / STATE ANKENY,ANKENY,POLK
4725,CASEY'S GENERAL STORE #1548 / ANKENY,ANKENY,POLK
10082,STOP AND SHOP LIQUOR LLC / ANKENY,ANKENY,POLK
5564,CASEY'S GENERAL STORE #2785 / ANKENY,ANKENY,POLK
5590,CASEY'S GENERAL STORE #1941 / ANKENY,ANKENY,POLK
6019,CASEY'S GENERAL STORE #3888 / ANKENY,ANKENY,POLK
3625,WAL-MART 0892 / ANKENY,ANKENY,POLK
4397,QUIK TRIP #514 / ANKENY,ANKENY,POLK
5565,CASEY'S GENERAL STORE #2689 / ANKENY,ANKENY,POLK
5750,CASEY'S GENERAL STORE #2920 / ANKENY,ANKENY,POLK
2702,HY-VEE GAS #1 / ANKENY,ANKENY,POLK
5877,CASEY'S GENERAL STORE #1659 / ANKENY,ANKENY,POLK
6214,CASEY'S #3934 / ANKENY,ANKENY,POLK
5845,CASEY'S GENERAL STORE #3827- ANKENY,ANKENY,POLK
4877,WORLD LIQUOR & TOBACCO,CLIVE,POLK
2673,HY-VEE # 6/ DES MOINES,DES MOINES,POLK
2532,HY-VEE FOOD STORE #2 (1138) / DES MOINES,DES MOINES,POLK
5600,H & A MINI MART,DES MOINES,POLK
5443,1ST STOP BEVERAGE SHOP,DES MOINES,POLK
5307,FAREWAY STORES #167/JOHNSTON,JOHNSTON,POLK
4971,FAREWAY STORES #138 / PLEASANT HILL,PLEASANT HILL,POLK
2663,HY-VEE FOOD STORE / URBANDALE,URBANDALE,POLK
4131,FAREWAY STORES #933 / URBANDALE,URBANDALE,POLK
2535,HY-VEE FOOD STORE #1 (1887) / WDM,WEST DES MOINES,POLK
3443,SUPER SAVER IV,COUNCIL BLUFFS,POTTAWATTAMIE
10219,7 DAYS MART / COUNCIL BLUFFS,COUNCIL BLUFFS,POTTAWATTAMIE
4312,I-80 LIQUOR / COUNCIL BLUFFS,COUNCIL BLUFFS,POTTAWATTAMIE
10097,CASEY'S #6127 / COUNCIL BLUFFS,COUNCIL BLUFFS,POTTAWATTAMIE
4743,FAMILY FARE #791,COUNCIL BLUFFS,POTTAWATTAMIE
3521,AMERISTAR CASINO / COUNCIL BLUFFS,COUNCIL BLUFFS,POTTAWATTAMIE
4867,SPEEDY GAS N SHOP,COUNCIL BLUFFS,POTTAWATTAMIE
4185,FAREWAY STORES #737 / GRINNELL,GRINNELL,POWESHIEK
2579,HY-VEE FOOD STORE / GRINNELL,GRINNELL,POWESHIEK
5988,CASEY'S GENERAL STORE #1527 / GRINNELL,GRINNELL,POWESHIEK
5645,PHILLIPS 66 / GRINNELL,GRINNELL,POWESHIEK
5497,CASEY'S GENERAL STORE #3617 / GRINNELL,GRINNELL,POWESHIEK
5817,CASEY'S GENERAL STORE #1950 / GRINNELL,GRINNELL,POWESHIEK
2603,HY-VEE WINE AND SPIRITS / BETTENDORF,BETTENDORF,SCOTT
4192,FAREWAY STORES #044 / BETTENDORF,BETTENDORF,SCOTT
4967,JEFF'S MARKET / BLUE GRASS,BLUE GRASS,SCOTT
5969,CASEY'S GENERAL STORE #3288 / BLUE GRASS,BLUE GRASS,SCOTT
5482,IOWA MINI MART,DAVENPORT,SCOTT
5678,SAVE MORE / DAVENPORT,DAVENPORT,SCOTT
3731,WAL-MART 1241 / DAVENPORT,DAVENPORT,SCOTT
2637,HY-VEE #5 / DAVENPORT,DAVENPORT,SCOTT
5403,GOLDEN MART,DAVENPORT,SCOTT
3805,WASHINGTON STREET MINI MART,DAVENPORT,SCOTT
5226,KC BROTHERS,DAVENPORT,SCOTT
5666,COSTCO WHOLESALE #1325 / DAVENPORT,DAVENPORT,SCOTT
3540,SUPER TARGET T-0533 / DAVENPORT,DAVENPORT,SCOTT
4962,HILLTOP GROCERY,DAVENPORT,SCOTT
2567,HY-VEE DRUGSTORE / DAVENPORT,DAVENPORT,SCOTT
5198,RIVERSIDE LIQUOR,DAVENPORT,SCOTT
4694,RINA MART LLC / DAVENPORT,DAVENPORT,SCOTT
5496,DHAKALS LLC,DAVENPORT,SCOTT
5100,SAM'S FOOD,DAVENPORT,SCOTT
4949,RIVER DRIVE SMOKE SHOP,DAVENPORT,SCOTT
4196,FAREWAY STORES #987 / DAVENPORT,DAVENPORT,SCOTT
3354,SAM'S CLUB 8238 / DAVENPORT,DAVENPORT,SCOTT
4229,FAREWAY STORES #790 / HARLAN,HARLAN,SHELBY
2650,HY-VEE WINE AND SPIRITS / HARLAN,HARLAN,SHELBY
4560,CASEY'S GENERAL STORE #2914 / HARLAN,HARLAN,SHELBY
5421,YESWAY # 1009/ HARLAN,HARLAN,SHELBY
3763,MAIN STREET LIQUORS / HAWARDEN,HAWARDEN,SIOUX
5681,QUICK CORNER / HAWARDEN,HAWARDEN,SIOUX
5376,CASEY'S GENERAL STORE # 2687/ HAWARDEN,HAWARDEN,SIOUX
10040,HOSPERS MINI MART / HOSPERS,HOSPERS,SIOUX
4255,FAREWAY STORES #058 / ORANGE CITY,ORANGE CITY,SIOUX
6221,HY-VEE DOLLAR FRESH / ORANGE CITY,ORANGE CITY,SIOUX
6263,PUMP N PACK / ROCK VALLEY,ROCK VALLEY,SIOUX
10202,BOOTLEGGERS,ROCK VALLEY,SIOUX
10207,DOC'S LIQUOR / ROCK VALLEY,ROCK VALLEY,SIOUX
10212,SUNSHINE FOODS ROCK VALLEY / ROCK VALLEY,ROCK VALLEY,SIOUX
2660,HY-VEE FOOD STORE / SIOUX CENTER,SIOUX CENTER,SIOUX
4256,FAREWAY STORES #912 / SIOUX CENTER,SIOUX CENTER,SIOUX
5823,CASEY'S GENERAL STORE #2431 / SIOUX CENTER,SIOUX CENTER,SIOUX
6300,SOUTHGATE WINE & SPIRITS / AMES,AMES,STORY
4674,KUM & GO #227 / AMES,AMES,STORY
4129,CYCLONE LIQUORS,AMES,STORY
4520,CASEY'S GENERAL STORE #2842 / HUXLEY,HUXLEY,STORY
5920,KUM & GO #0131 / HUXLEY,HUXLEY,STORY
10293,STORY CITY LIQUOR AND SMOKE SHOP / STORY CITY,STORY CITY,STORY
5289,YESWAY STORE # 10020/ STORY CITY,STORY CITY,STORY
5538,CASEY'S GENERAL STORE #2490 / STORY CITY,STORY CITY,STORY
5866,HOMETOWN FAMILY MARKET,GLADBROOK,TAMA
5412,CASEY'S GENERAL STORE # 1029/ TAMA,TAMA,TAMA
4195,FAREWAY STORES #792 / TOLEDO,TOLEDO,TAMA
3942,TWIN TOWN LIQUOR,TOLEDO,TAMA
6231,TRAER SHORT STOP / TRAER,TRAER,TAMA
5257,MAD AVE QUIK SHOP,OTTUMWA,WAPELLO
5358,KUM & GO #1056/ BEVINGTON,BEVINGTON,WARREN
2549,HY-VEE FOOD STORE (1271) / INDIANOLA,INDIANOLA,WARREN
4138,FAREWAY STORES #657 / INDIANOLA,INDIANOLA,WARREN
5818,CASEY'S GENERAL STORE #2894 / INDIANOLA,INDIANOLA,WARREN
5973,CASEY'S GENERAL STORE #1908 / INDIANOLA,INDIANOLA,WARREN
5535,CASEY'S GENERAL STORE #2097 / INDIANOLA,INDIANOLA,WARREN
4482,INDY 66 WEST #929 / INDIANOLA,INDIANOLA,WARREN
4684,INDY 66 #928 / INDIANOLA,INDIANOLA,WARREN
6020,I TOWNER STOP / INDIANOLA,INDIANOLA,WARREN
5396,CASEY'S GENERAL STORE # 3512/ INDIANOLA,INDIANOLA,WARREN
6252,KWIK SPIRITS #1191 / FORT DODGE,FORT DODGE,WEBSTER
3514,KAREN'S SPIRITS AND WINE,FORT DODGE,WEBSTER
5955,GOWRIE GROCERY,GOWRIE,WEBSTER
5228,ANTHON MINI MART,ANTHON,WOODBURY
5540,CASEY'S GENERAL STORE #2447 / SERGEANT BLUFF,SERGEANT BLUFF,WOODBURY
4888,CIRCLE S BLUFF STOP,SERGEANT BLUFF,WOODBURY
6319,SERGEANT BLUFF PUMP 'N PAK / SERGEANT BLUFF,SERGEANT BLUFF,WOODBURY
3820,"CHARLIE'S WINE AND SPIRITS,",SIOUX CITY,WOODBURY
10193,BEER ON FLOYD / SIOUX CITY,SIOUX CITY,WOODBURY
2623,HY-VEE FOOD STORE #4 / SIOUX CITY,SIOUX CITY,WOODBURY
10046,TRANSIT GENERAL STORE / SIOUX CITY,SIOUX CITY,WOODBURY
3879,TARGET STORE T-1800 / SIOUX CITY,SIOUX CITY,WOODBURY
5027,HARD ROCK HOTEL & CASINO SIOUX CITY,SIOUX CITY,WOODBURY
4558,KUM & GO #226 / SIOUX CITY,SIOUX CITY,WOODBURY
5188,KUM & GO #251 / SIOUX CITY,SIOUX CITY,WOODBURY
6344,HELLO MART LLC / SIOUX CITY,SIOUX CITY,WOODBURY
5534,CASEY'S GENERAL STORE #3674 / SIOUX CITY,SIOUX CITY,WOODBURY
10283,CASEY'S GENERAL STORE # 2889 / SIOUX CITY,SIOUX CITY,WOODBURY
5800,BREW GAS COFFEE WINE SPIRITS,SIOUX CITY,WOODBURY
4565,KUM & GO #228 / SIOUX CITY,SIOUX CITY,WOODBURY
5065,CIRCLE S GORDON DRIVE,SIOUX CITY,WOODBURY
4452,SELECT MART    GORDON DR,SIOUX CITY,WOODBURY
4568,SELECT MART / SIOUX CITY,SIOUX CITY,WOODBURY
10301,FLOYD FOOD AND FUEL / SIOUX CITY,SIOUX CITY,WOODBURY
10160,ONE STOP FOOD AND FUEL / SIOUX CITY,SIOUX CITY,WOODBURY
6210,BAILEY'S CONVENIENCE / SIOUX CITY,SIOUX CITY,WOODBURY
5086,"CENTRAL MART I, LLC.",SIOUX CITY,WOODBURY
5630,CASEY'S GENERAL STORE #3009 / SIOUX CITY,SIOUX CITY,WOODBURY
4884,TOBACCO HUT #11 / SIOUX CITY,SIOUX CITY,WOODBURY
5390,PG MINI MART,SIOUX CITY,WOODBURY
2667,HY-VEE MAINSTREET / SIOUX CITY,SIOUX CITY,WOODBURY
4444,KUM & GO #4127 / SLOAN,SLOAN,WOODBURY
10292,PRIME MART / CEDAR FALLS,CEDAR FALLS,BLACK HAWK
2201,HAPPY'S WINE & SPIRITS WHOLESALE,CEDAR FALLS,BLACK HAWK
4590,CASEY'S GENERAL STORE #3045 / CEDAR FALLS,CEDAR FALLS,BLACK HAWK
4119,TARGET STORE T-2526 / CEDAR FALLS,CEDAR FALLS,BLACK HAWK
3769,WAL-MART 0753 / CEDAR FALLS,CEDAR FALLS,BLACK HAWK
4988,HAPPY'S WINE & SPIRITS,CEDAR FALLS,BLACK HAWK
2572,HY-VEE FOOD STORE / CEDAR FALLS,CEDAR FALLS,BLACK HAWK
4147,FAREWAY STORES #974 / CEDAR FALLS,CEDAR FALLS,BLACK HAWK
5685,FAREWAY STORES #190 / CEDAR FALLS,CEDAR FALLS,BLACK HAWK
6005,CASEY'S GENERAL STORE #2865 / CEDAR FALLS,CEDAR FALLS,BLACK HAWK
5484,CASEY'S GENERAL STORE #3610 / CEDAR FALLS,CEDAR FALLS,BLACK HAWK
4631,THUNDER RIDGE AMPRIDE,CEDAR FALLS,BLACK HAWK
10332,METRO MART #3 / CEDAR FALLS,CEDAR FALLS,BLACK HAWK
10248,BYRON MART / WATERLOO,WATERLOO,BLACK HAWK
2538,HY-VEE FOOD STORE #3 (1866) / WATERLOO,WATERLOO,BLACK HAWK
3494,SAM'S CLUB 6514 / WATERLOO,WATERLOO,BLACK HAWK
2575,HY-VEE FOOD STORE #1 / WATERLOO,WATERLOO,BLACK HAWK
3663,WAL-MART 1496 / WATERLOO,WATERLOO,BLACK HAWK
6202,XO FOOD & LIQUOR / WATERLOO,WATERLOO,BLACK HAWK
4150,FAREWAY STORES #951 / WATERLOO,WATERLOO,BLACK HAWK
2571,HY-VEE FOOD STORE #2 / WATERLOO,WATERLOO,BLACK HAWK
2651,HY-VEE / WAVERLY,WAVERLY,BREMER
3889,WAL-MART 1005 / WAVERLY,WAVERLY,BREMER
5453,CASEY'S GENERAL STORE # 2817/ GRISWOLD,GRISWOLD,CASS
10102,WORLD LIQUOR AND TOBACCO PLUS VAPORS /  CHEROKEE,CHEROKEE,CHEROKEE
5441,LIQUOR ON THE CORNER,CHEROKEE,CHEROKEE
2597,HY-VEE FOOD STORE / CHEROKEE,CHEROKEE,CHEROKEE
4310,FAREWAY STORES #502 / CHEROKEE,CHEROKEE,CHEROKEE
2565,HY-VEE FOOD STORE (1636) / SPENCER,SPENCER,CLAY
3626,WAL-MART 2714 / SPENCER,SPENCER,CLAY
5080,C'S LIQUOR STORE,SPENCER,CLAY
4234,FAREWAY STORES #788 / SPENCER,SPENCER,CLAY
4507,CASEY'S GENERAL STORE #2902 / SPENCER,SPENCER,CLAY
5992,CASEY'S GENERAL STORE #1894 / SPENCER,SPENCER,CLAY
6098,BREW OIL #40 / SPENCER,SPENCER,CLAY
10195,STAR / DENISON,DENISON,CRAWFORD
2595,HY-VEE WINE AND SPIRITS / DENISON,DENISON,CRAWFORD
5727,ONE STOP SHOP #4 - DENISON,DENISON,CRAWFORD
4014,WAL-MART 1732 / DENISON,DENISON,CRAWFORD
4149,FAREWAY STORES #015 / DENISON,DENISON,CRAWFORD
5079,CASEY'S GENERAL STORE #2489 / DENISO,DENISON,CRAWFORD
5293,THE BOONEDOCKS,ARNOLDS PARK,DICKINSON
5068,TOBACCO SHOP / ARNOLDS PARK,ARNOLDS PARK,DICKINSON
3390,OKOBOJI AVENUE LIQUOR,MILFORD,DICKINSON
10159,SUNSHINE FOODS / MILFORD,MILFORD,DICKINSON
5837,CASEY'S GENERAL STORE #2681 / OKOBOJI,OKOBOJI,DICKINSON
2522,HY-VEE WINE AND SPIRITS (1628) / SPIRIT LAKE,SPIRIT LAKE,DICKINSON
3622,WAL-MART 1415 / SPIRIT LAKE,SPIRIT LAKE,DICKINSON
4582,JIFFY #926 / SPIRIT LAKE,SPIRIT LAKE,DICKINSON
4239,FAREWAY STORES #850 / SPIRIT LAKE,SPIRIT LAKE,DICKINSON
4387,KUM & GO #117 / SPIRIT LAKE,SPIRIT LAKE,DICKINSON
2556,HY-VEE WINE AND SPIRITS (1170) / ESTHERVILLE,ESTHERVILLE,EMMET
4272,FAREWAY STORES #407 / ESTERVILLE,ESTHERVILLE,EMMET
5762,CASEY'S GENERAL STORE #1329 / ESTHERVILLE,ESTHERVILLE,EMMET
4774,CASEY'S GENERAL STORE #3034 / ESTHERVILLE,ESTHERVILLE,EMMET
5996,CASEY'S GENERAL STORE #1328 / ESTHERVILLE,ESTHERVILLE,EMMET
10020,LOCAL LIQUOR / PANORA,PANORA,GUTHRIE
3045,BRITT FOOD CENTER,BRITT,HANCOCK
5246,CASEY'S GENERAL STORE #3476 / FOREST,FOREST CITY,HANCOCK
2685,HY-VEE -GARNER,GARNER,HANCOCK
2558,HY-VEE FOOD STORE (1433) / MOUNT PLEASANT,MOUNT PLEASANT,HENRY
6115,CASEY'S #3920 / MOUNT PLEASANT,MOUNT PLEASANT,HENRY
5072,PEP STOP,MOUNT PLEASANT,HENRY
6197,MOUNT PLEASANT FOOD & LIQUOR / MT PLEASANT,MT PLEASANT,HENRY
3790,WAL-MART 0784 / MT PLEASAN,MT PLEASANT,HENRY
6117,FAREWAY STORES #212 / COLFAX,COLFAX,JASPER
4429,KUM & GO #32 / COLFAX,COLFAX,JASPER
5763,CASEY'S GENERAL STORE #1374 / COLFAX,COLFAX,JASPER
4522,CASEY'S GENERAL STORE #2523 / MONROE,MONROE,JASPER
4655,CASEY'S GENERAL STORE #2237 / PRAIRIE CITY,PRAIRIE CITY,JASPER
4627,CASEY'S GENERAL STORE #1388 / SULLY,SULLY,JASPER
6294,BATAVIA BP / BATAVIA,BATAVIA,JEFFERSON
2285,JOHN'S GROCERY,IOWA CITY,JOHNSON
5236,"GIGGLE JUICE LIQUOR STATION, LLC",ANAMOSA,JONES
4279,KEOTA EAGLE FOODS,KEOTA,KEOKUK
5316,BROTHER'S MARKET/ SIGOURNEY,SIGOURNEY,KEOKUK
2585,HY-VEE WINE AND SPIRITS (1010) / ALGONA,ALGONA,KOSSUTH
4268,FAREWAY STORES #531 / ALGONA,ALGONA,KOSSUTH
6306,WINE & SPIRITS SHOPPE OF ALGONA / ALGONA,ALGONA,KOSSUTH
3842,BANCROFT LIQUOR STORE,BANCROFT,KOSSUTH
3682,JUMBO'S,WESLEY,KOSSUTH
6292,JET STOP DENMARK / DENMARK,DENMARK,LEE
2584,HY-VEE FOOD STORE / FORT MADISON,FORT MADISON,LEE
3549,QUICKER LIQUOR STORE,FORT MADISON,LEE
5892,GARNER FOODS / FT MADISON,FORT MADISON,LEE
4793,FORT MADISON FAST BREAK,FORT MADISON,LEE
5784,CASEY'S GENERAL STORE #2023 / FT MADISON,FORT MADISON,LEE
6258,FORT MADISON TOBACCO AND LIQUOR OUTLET PLUS / FORT MADISON,FORT MADISON,LEE
6048,MOD / FORT MADISON,FORT MADISON,LEE
5448,FAREWAY STORES #177/ FORT MADISON,FORT MADISON,LEE
6305,JET STOP HOUGHTON / HOUGHTON,HOUGHTON,LEE
2555,HY-VEE FOOD STORE (1324) / KEOKUK,KEOKUK,LEE
4692,WALGREENS #05886 / KEOKUK,KEOKUK,LEE
3811,WAL-MART 1431 / KEOKUK,KEOKUK,LEE
4993,SITE FOOD MART,KEOKUK,LEE
5827,CASEY'S GENERAL STORE #2636 / KEOKUK,KEOKUK,LEE
4673,SONNY'S SUPER MARKET / WEST POINT,WEST POINT,LEE
2590,HY-VEE FOOD STORE #5 / CEDAR RAPIDS,CEDAR RAPIDS,LINN
5230,POINT LIQUOR & TOBACCO,CEDAR RAPIDS,LINN
5073,"WILLIAMS BOULEVARD SERVICE, INC.",CEDAR RAPIDS,LINN
2588,HY-VEE FOOD AND DRUG #6 / CEDAR RAPIDS,CEDAR RAPIDS,LINN
4687,KUM & GO #517 / CEDAR RAPIDS,CEDAR RAPIDS,LINN
5636,BIG DISCOUNT LIQUOR / CEDAR RAPIDS,CEDAR RAPIDS,LINN
3707,TARGET STORE T-1768 / CEDAR RAPIDS,CEDAR RAPIDS,LINN
10215,OCEAN LIQUOR AND SMOKE ETC / CEDAR RAPIDS,CEDAR RAPIDS,LINN
2841,CVS PHARMACY #8532 / CEDAR RAPIDS,CEDAR RAPIDS,LINN
6073,KWIK SPIRITS #560 / CEDAR RAPIDS,CEDAR RAPIDS,LINN
4517,CASEY'S GENERAL STORE #2767 / CEDAR RAPIDS,CEDAR RAPIDS,LINN
6248,QUICK STOP / CEDAR RAPIDS,CEDAR RAPIDS,LINN
4487,CASEY'S GENERAL STORE #2787 / CEDAR RAPIDS,CEDAR RAPIDS,LINN
2529,HY-VEE DRUGSTORE #4 (7025) / CEDAR RAPIDS,CEDAR RAPIDS,LINN
4491,CASEY'S GENERAL STORE #2772 / CEDAR RAPIDS,CEDAR RAPIDS,LINN
5142,SMOKIN' JOE'S #13 TOBACCO AND LIQUOR OUTLET,CEDAR RAPIDS,LINN
4660,HILL BROTHERS JIFFY MART / CEDAR RAPIDS,CEDAR RAPIDS,LINN
4496,B P ON 1ST,CEDAR RAPIDS,LINN
5097,FAREWAY STORES #151 / CEDAR RAPIDS,CEDAR RAPIDS,LINN
4154,FAREWAY STORES #055 / HIAWATHA,HIAWATHA,LINN
10033,EMPIRE LIQUOR AND TOBACCO / HIAWATHA,HIAWATHA,LINN
10061,BIG 10 MART #19 / HIAWATHA,HIAWATHA,LINN
3829,GARY'S FOODS / MT VERNON,MOUNT VERNON,LINN
3990,CORK AND BOTTLE / OSKALOOSA,OSKALOOSA,MAHASKA
6143,HOMETOWN WINE & SPIRITS / OSKALOOSA,OSKALOOSA,MAHASKA
10217,HIGHWAY LIQUORS AND TOBACCO / OSKALOOSA,OSKALOOSA,MAHASKA
2600,HY-VEE FOOD STORE / OSKALOOSA,OSKALOOSA,MAHASKA
3789,WAL-MART 1393 / OSKALOOSA,OSKALOOSA,MAHASKA
4300,FAREWAY STORES #625 / OSKALOOSA,OSKALOOSA,MAHASKA
5591,CASEY'S GENERAL STORE #1682 / OSKALOOSA,OSKALOOSA,MAHASKA
2518,HY-VEE WINE AND SPIRITS (1544) / RED OAK,RED OAK,MONTGOMERY
6103,BREW OIL #50 / HARTLEY,HARTLEY,O'BRIEN
4777,CASEY'S GENERAL STORE #3730 / PAULLINA,PAULLINA,O'BRIEN
6187,MILL CREEK LIQUORS / PAULLINA,PAULLINA,O'BRIEN
6295,BOB & SCOTT'S / PRIMGHAR,PRIMGHAR,O'BRIEN
5792,CASEY'S GENERAL STORE #2672 / SANBORN,SANBORN,O'BRIEN
6097,BREW OIL #51 / SANBORN,SANBORN,O'BRIEN
4254,FAREWAY STORES #849 / EMMETSBURG,EMMETSBURG,PALO ALTO
6099,BREW OIL #29 / EMMETSBURG,EMMETSBURG,PALO ALTO
2700,HY-VEE DOLLAR FRESH - EMMETSBURG,EMMETSBURG,PALO ALTO
4783,CASEY'S GENERAL STORE #1684 / EMMETSBURG,EMMETSBURG,PALO ALTO
5876,'DA BOOZE BARN / WEST BEND,WEST BEND,PALO ALTO
5796,CASEY'S GENERAL STORE #1541 / WEST BEND,WEST BEND,PALO ALTO
6271,KIMMES KINGSLEY COUNTRY STORE #16 / KINGSLEY,KINGSLEY,PLYMOUTH
5431,BREW COFFEE WINE SPIRIT AND CIGARS,LE MARS,PLYMOUTH
6276,KWIK STAR #1160 / LE MARS,LE MARS,PLYMOUTH
2604,HY-VEE WINE AND SPIRITS / LE MARS,LE MARS,PLYMOUTH
3742,WAL-MART 1625 / LEMARS,LE MARS,PLYMOUTH
4231,FAREWAY STORES #719 / LE MARS,LE MARS,PLYMOUTH
4277,CORK IT!,LE MARS,PLYMOUTH
3695,MRS. B'S LIQUOR,REMSEN,PLYMOUTH
2478,PRAIRIE MEADOWS,ALTOONA,POLK
2679,HY-VEE FAST & FRESH/ALTOONA,ALTOONA,POLK
3870,TARGET STORE T-1939 / ALTOONA,ALTOONA,POLK
10060,SUPER STOP / ALTOONA,ALTOONA,POLK
3644,WAL-MART 2764 / ALTOONA,ALTOONA,POLK
5960,CASEY'S GENERAL STORE #1938 / ALTOONA,ALTOONA,POLK
5499,KUM & GO #184 / ALTOONA,ALTOONA,POLK
5144,SAM'S CLUB 6979 / ANKENY,ANKENY,POLK
2502,HY-VEE WINE AND SPIRITS (1022) / ANKENY,ANKENY,POLK
4084,FAREWAY STORES #061 / ANKENY,ANKENY,POLK
2699,HY-VEE C-STORE #2 - ANKENY,ANKENY,POLK
10021,WORLD CLASS LIQUOR AND TOBACCO / BONDURANT,BONDURANT,POLK
4757,EZ MART / BONDURANT,BONDURANT,POLK
6078,KUM & GO #0185 / BONDURANT,BONDURANT,POLK
10115,"FAREWAY STORES, INC. #236 / BONDURANT",BONDURANT,POLK
5808,CASEY'S GENERAL STORE #1373 / BONDURANT,BONDURANT,POLK
4393,KUM & GO #206 / CLIVE,CLIVE,POLK
4230,FAREWAY STORES #106 / CLIVE,CLIVE,POLK
4343,BEST FOOD MART / DES MOINES,DES MOINES,POLK
6215,MARLE HAY LIQUOR & SMOKE / DES MOINES,DES MOINES,POLK
6323,"FAREWAY STORES, INC. #225 / DES MOINES",DES MOINES,POLK
4511,SUPER QUICK / SE 30 DM,DES MOINES,POLK
10029,ROYAL MART / DES MOINES,DES MOINES,POLK
2626,HY-VEE DRUGSTORE / UNIVERSITY / DSM,DES MOINES,POLK
6129,EAST END LIQUOR / DES MOINES,DES MOINES,POLK
5676,FAMILY PANTRY,DES MOINES,POLK
6057,KUM & GO #0731 / DES MOINES,DES MOINES,POLK
5128,PRICE CHOPPER  /  BEAVER #1310,DES MOINES,POLK
6170,CASEY'S GENERAL STORE #4 / DES MOINES,DES MOINES,POLK
3877,TARGET STORE T-2041 / DES MOINES,DES MOINES,POLK
5664,CASEY'S GENERAL STORE #45 / DES MOINES,DES MOINES,POLK
5539,CASEY'S GENERAL STORE #1901 / DES MOINES,DES MOINES,POLK
5057,KUM & GO #535 / DES MOINES,DES MOINES,POLK
2587,HY-VEE FOOD STORE / JOHNSTON,JOHNSTON,POLK
4730,WALGREENS #05944 / JOHNSTON,JOHNSTON,POLK
2706,HY-VEE FAST AND FRESH / JOHNSTON,JOHNSTON,POLK
5211,KUM & GO #129  /  JOHNSTON,JOHNSTON,POLK
4368,KUM & GO #570 / JOHNSTON,JOHNSTON,POLK
5887,CASEY'S GENERAL STORE #2392 / JOHNSTON,JOHNSTON,POLK
4505,CASEY'S GENERAL STORE #2816 / JOHNSTON,JOHNSTON,POLK
6007,CASEY'S GENERAL STORE #1910 / JOHNSTON,JOHNSTON,POLK
2723,HY-VEE GAS / JOHNSTON,JOHNSTON,POLK
5264,CASEY'S GENERAL STORE # 2177/MITCHEL,MITCHELLVILLE,POLK
6288,MIDWEST FOOD & LIQUOR / PLEASANT HILL,PLEASANT HILL,POLK
5803,CASEY'S GENERAL STORE #3333 / PLEASANT HILL,PLEASANT HILL,POLK
4433,KUM & GO #1024  PLEASANT HILL,PLEASANT HILL,POLK
10078,KWIK STAR #1155 / PLEASANT HILL,PLEASANT HILL,POLK
5058,KUM & GO #542 / URBANDALE,URBANDALE,POLK
5917,URBANDALE LIQUOR,URBANDALE,POLK
6342,TOBACCO MART / URBANDALE,URBANDALE,POLK
4941,KUM & GO #170 / URBANDALE,URBANDALE,POLK
4449,KUM & GO #121 / URBANDALE,URBANDALE,POLK
2691,HY-VEE FAST & FRESH - DES MOINES,URBANDALE,POLK
6289,DASHMART / URBANDALE,URBANDALE,POLK
5889,SUPER QUICK LIQUOR / WDM,WEST DES MOINES,POLK
2521,HY-VEE FOOD AND DRUG (1888) / GRAND / WDM,WEST DES MOINES,POLK
10214,EASYGO LIQUOR / WEST DES MOINES,WEST DES MOINES,POLK
10287,BREW OIL #80 / WEST DES MOINES,WEST DES MOINES,POLK
3899,WAL-MART 3762 / WDM,WEST DES MOINES,POLK
4893,CASEY'S GENERAL STORE #3098 / WDM,WEST DES MOINES,POLK
5146,FAREWAY STORES #153  /  W DES MOINES,WEST DES MOINES,POLK
4382,KUM & GO #8 / 8TH ST / WDM,WEST DES MOINES,POLK
5651,SUPER QUICK MART / WINDSOR HEIGHTS,WINDSOR HEIGHTS,POLK
3420,SAM'S CLUB 6344 / WINDSOR HEIGHTS,WINDSOR HEIGHTS,POLK
2620,HY-VEE / WINDSOR HEIGHTS,WINDSOR HEIGHTS,POLK
3645,WAL-MART 1764 / WINDSOR HEIGHTS,WINDSOR HEIGHTS,POLK
5107,KUM & GO #4098 / WINDSOR HEIGHTS,WINDSOR HEIGHTS,POLK
3629,WAL-MART 1965 / COUNCIL BLUFFS,COUNCIL BLUFFS,POTTAWATTAMIE
3477,SAM'S CLUB 6472 / COUNCIL BLUFFS,COUNCIL BLUFFS,POTTAWATTAMIE
5314,TOBACCO HUT & LIQUOR,COUNCIL BLUFFS,POTTAWATTAMIE
5035,CASEY'S GENERAL STORE #3205 / COUNCI,COUNCIL BLUFFS,POTTAWATTAMIE
5849,SUPER QUICK STOP - COUNCIL BLUFFS,COUNCIL BLUFFS,POTTAWATTAMIE
5747,CASEY'S GENERAL STORE #3201 / COUNCIL BLUFFS,COUNCIL BLUFFS,POTTAWATTAMIE
4866,TOBACCO HUT #18 / COUNCIL BLUFFS,COUNCIL BLUFFS,POTTAWATTAMIE
4503,CASEY'S GENERAL STORE #38 / TREYNOR,TREYNOR,POTTAWATTAMIE
5371,STATE FOOD MART,BETTENDORF,SCOTT
5335,EXPO LIQUOR,BETTENDORF,SCOTT
3715,KIMBERLY MART / DAVENPORT,DAVENPORT,SCOTT
5029,THE LIQUOR STOP LLC,DAVENPORT,SCOTT
10103,WMART / DAVENPORT,DAVENPORT,SCOTT
4640,MART STOP #1 / DAVENPORT,DAVENPORT,SCOTT
4630,EZ STOP / DAVENPORT,DAVENPORT,SCOTT
4004,WAL-MART 4256 / AMES,AMES,STORY
6083,NEIGHBORHOOD LIQUOR AND SMOKES / AMES,AMES,STORY
2501,HY-VEE  #2 (1018) / AMES,AMES,STORY
3524,SAM'S CLUB 6568 / AMES,AMES,STORY
5187,KWIK STOP LIQUOR & GROCERIES AMES,AMES,STORY
2500,HY-VEE FOOD STORE #1 (1013) / AMES,AMES,STORY
5946,KWIK SPIRITS #530 / AMES,AMES,STORY
4428,KUM & GO #200 / AMES,AMES,STORY
3866,TARGET STORE T-1170 / AMES,AMES,STORY
6301,JET STOP BONAPARTE / BONAPARTE,BONAPARTE,VAN BUREN
6027,EDDYVILLE TRAVEL PLAZA BP,EDDYVILLE,WAPELLO
5779,CASEY'S GENERAL STORE #1609 / ELDON,ELDON,WAPELLO
2611,HY-VEE DRUGSTORE / OTTUMWA,OTTUMWA,WAPELLO
5374,IOWA LIQUOR & TOBACCO,OTTUMWA,WAPELLO
5769,CASEY'S GENERAL STORE #2208 / OTTUMWA,OTTUMWA,WAPELLO
2711,HY-VEE GAS #2 / OTTUMWA,OTTUMWA,WAPELLO
2543,HY-VEE FOOD STORE #1 (1504) / OTTUMWA,OTTUMWA,WAPELLO
9013,IOWA DISTILLING COMPANY (ET),CUMMING,WARREN
6339,AINSWORTH FOUR CORNERS / AINSWORTH,AINSWORTH,WASHINGTON
3525,WINES AND SPIRITS / WASHINGTON,WASHINGTON,WASHINGTON
2653,HY-VEE WINE AND SPIRITS / WASHINGTON,WASHINGTON,WASHINGTON
10279,WASHINGTON SPIRITS & TOBACCO / WASHINGTON,WASHINGTON,WASHINGTON
6238,WASHINGTON LIQUOR AND TOBACCO OUTLET / WASHINGTON,WASHINGTON,WASHINGTON
4098,WAL-MART 1475 / WASHINGTON,WASHINGTON,WASHINGTON
4315,FAREWAY STORES #554 / WASHINGTON,WASHINGTON,WASHINGTON
5911,OLD FIRE LIQUOR / BUFFALO CENTER,BUFFALO CENTER,WINNEBAGO
4529,CASEY'S GENERAL STORE #3262 / BUFFALO,BUFFALO CENTER,WINNEBAGO
4073,"UPTOWN LIQUOR, LLC",FOREST CITY,WINNEBAGO
2684,HY-VEE - FOREST CITY,FOREST CITY,WINNEBAGO
5963,CASEY'S GENERAL STORE #1798 / FOREST CITY,FOREST CITY,WINNEBAGO
10116,DAVIDS FOODS / LAKE MILLS,LAKE MILLS,WINNEBAGO
5069,CASEY'S GENERAL STORE #1705 / LAKE M,LAKE MILLS,WINNEBAGO
3721,WAL-MART 0913 / DECORAH,DECORAH,WINNESHIEK
5635,"BREW, GAS, COFFEE, SPIRIT, CIGARATTE",CORRECTIONVILLE,WOODBURY
6029,CASEY'S GENERAL STORE #50 / MOVILLE,MOVILLE,WOODBURY
4247,FAREWAY STORES #879 / BELMOND,BELMOND,WRIGHT
10107,SWEET WATER SPIRITS LLC / CLARION,CLARION,WRIGHT
5840,BROTHER'S MARKET / CLARION,CLARION,WRIGHT
5287,YESWAY STORE # 1029/ CLARION,CLARION,WRIGHT
4236,FAREWAY STORES #551 / EAGLE GROVE,EAGLE GROVE,WRIGHT
4459,KUM & GO #544 / EAGLE GROVE,EAGLE GROVE,WRIGHT
5386,CASEY'S GENERAL STORE # 2494/ EAGLE GROVE,EAGLE GROVE,WRIGHT
4417,KUM & GO #76 / ADAIR,ADAIR,ADAIR
4753,CASEY'S GENERAL STORE #2521 / ADAIR,ADAIR,ADAIR
6009,CASEY'S GENERAL STORE #1081 / FONTANELLE,FONTANELLE,ADAIR
4317,FAREWAY STORES #941 / GREENFIELD,GREENFIELD,ADAIR
6082,CASEY'S #2654 / STUART,STUART,ADAIR
10176,FIRE AND SALT CO - CORNING LLC,CORNING,ADAMS
2656,HY-VEE FOOD STORE / CORNING,CORNING,ADAMS
4896,BARRYS MINI MART,HARPERS FERRY,ALLAMAKEE
5017,LANSING IGA,LANSING,ALLAMAKEE
6108,DOUBLE D LIQUOR STORE / WAUKON,WAUKON,ALLAMAKEE
3857,QUILLINS FOOD RANCH / WAUKON,WAUKON,ALLAMAKEE
4289,FAREWAY STORES #062 / WAUKON,WAUKON,ALLAMAKEE
2718,HY-VEE WAUKON DOLLAR FRESH,WAUKON,ALLAMAKEE
4027,WAL-MART 1621 / CENTERVILLE,CENTERVILLE,APPANOOSE
10313,KONVENIENCE KORNER CENTERVILLE / CENTERVILLE,CENTERVILLE,APPANOOSE
4271,FAREWAY STORES #827 / CENTERVILLE,CENTERVILLE,APPANOOSE
2523,HY-VEE FOOD STORE (1058) / CENTERVILLE,CENTERVILLE,APPANOOSE
4232,"ELLIOTT'S GENERAL STORE,",MORAVIA,APPANOOSE
5268,THE DEPOT ATKINS,ATKINS,BENTON
4346,ROY'S FOODLAND,SHELLSBURG,BENTON
6145,THE DEPOT VAN HORNE,VAN HORNE,BENTON
10304,VINTON LIQUOR TOBACCO AND VAPE / VINTON,VINTON,BENTON
5726,EHLINGER'S VINTON EXPRESS,VINTON,BENTON
2714,HY-VEE / VINTON,VINTON,BENTON
10122,CASEY'S #4317 / VINTON,VINTON,BENTON
6116,KWIK SPIRITS #561 / CEDAR FALLS,CEDAR FALLS,BLACK HAWK
10178,BANI'S / CEDAR FALLS,CEDAR FALLS,BLACK HAWK
5684,FIVE CORNERS LIQUOR & WINE,CEDAR FALLS,BLACK HAWK
4907,PRIME MART / CEDAR FALLS,CEDAR FALLS,BLACK HAWK
2106,HILLSTREET NEWS AND TOBACCO,CEDAR FALLS,BLACK HAWK
6004,CASEY'S GENERAL STORE #2659 / COLUMBUS JUNCTION,COLUMBUS JUNCTION,BLACK HAWK
2130,SYCAMORE CONVENIENCE,WATERLOO,BLACK HAWK
10256,LIQUOR AND TOBACCO OUTLET / WATERLOO,WATERLOO,BLACK HAWK
4512,METRO MART #4 / WATERLOO,WATERLOO,BLACK HAWK
2505,HY-VEE WINE AND SPIRITS (1038) / BOONE,BOONE,BOONE
4107,FAREWAY STORES #384 / BOONE,BOONE,BOONE
6084,CIRCLE K #22654123 / BOONE,BOONE,BOONE
4023,WAL-MART 1389 / BOONE,BOONE,BOONE
5561,CASEY'S GENERAL STORE #32 / MADRID,MADRID,BOONE
3831,THE MARKET OF MADRID,MADRID,BOONE
10073,FAREWAY STORES INC #229 / ODGEN,OGDEN,BOONE
3964,SIOUX FOOD CENTER OF SIOUX RAPIDS,SIOUX RAPIDS,BUENA VISTA
4532,CASEY'S GENERAL STORE #2274 / SIOUX RAPIDS,SIOUX RAPIDS,BUENA VISTA
5157,KIMMES MANSON COUNTRY STORE #10,MANSON,CALHOUN
4313,FAREWAY STORES #940 / ATLANTIC,ATLANTIC,CASS
5081,CASEY'S GENERAL STORE #3035 / ATLANT,ATLANTIC,CASS
5208,OLSEN'S BP,ATLANTIC,CASS
3833,WAL-MART 3394 / ATLANTIC,ATLANTIC,CASS
4351,KUM & GO #301 / CLEAR LAKE,CLEAR LAKE,CERRO GORDO
4353,KUM & GO #302 / CLEAR LAKE,CLEAR LAKE,CERRO GORDO
4091,FAREWAY STORES #705 / CLEAR LAKE,CLEAR LAKE,CERRO GORDO
5913,CASEY'S GENERAL STORE #1427 / CLEAR LAKE,CLEAR LAKE,CERRO GORDO
10280,QUICK SHOP LIQUOR AND VAPE / CLEAR LAKE,CLEARLAKE,CERRO GORDO
4668,CLEAR LAKE PAYLESS FOODS,CLEARLAKE,CERRO GORDO
10266,FOUR CORNERS MARKET / MASON CITY,MASON CITY,CERRO GORDO
6144,NORTHSIDE LIQUOR AND GROCERY / MASON CITY,MASON CITY,CERRO GORDO
3713,WAL-MART 0810 / MASON CITY,MASON CITY,CERRO GORDO
2515,HY-VEE FOOD STORE #1 (1410) / MASON CITY,MASON CITY,CERRO GORDO
2582,HY-VEE #2 FOOD STORE / MASON CITY,MASON CITY,CERRO GORDO
5280,YESWAY STORE # 10011/ MASON CITY,MASON CITY,CERRO GORDO
5859,LIQUOR TOBACCO & GROCERY - MASON CITY,MASON CITY,CERRO GORDO
4104,FAREWAY STORES #491 / MASON CITY,MASON CITY,CERRO GORDO
3528,SUPER TARGET T-0804 MASON CITY,MASON CITY,CERRO GORDO
10199,ELKADER PIT STOP / ELKADER,ELKADER,CLAYTON
6313,DANNYS TOBACCO & LIQUOR / GUTTENBERG,GUTTENBERG,CLAYTON
3782,BENDER FOODS / GUTTENBERG,GUTTENBERG,CLAYTON
5477,CASEY'S GENERAL STORE #3293 / MARQUETTE,MARQUETTE,CLAYTON
3679,FRANKLIN STREET FLORAL & GIFT,MONONA,CLAYTON
5106,RANDY'S NEIGHBORHOOD MARKET,DEWITT,CLINTON
6195,DT LIQUOR LLC / DEWITT,DEWITT,CLINTON
4953,TRI STOP,LOST NATION,CLINTON
10201,WORLD LIQUOR & TOBACCO PLUS VAPORS / ADEL,ADEL,DALLAS
4678,FAREWAY STORES #124 / ADEL,ADEL,DALLAS
4384,KUM & GO #2093 / ADEL,ADEL,DALLAS
5545,CASEY'S GENERAL STORE #91 / DALLAS CENTER,DALLAS CENTER,DALLAS
4411,KUM & GO #95 / DE SOTO,DE SOTO,DALLAS
5467,CASEY'S GENERAL STORE #95 / DEXTER,DEXTER,DALLAS
4320,FAREWAY STORES #470 / PERRY,PERRY,DALLAS
5411,BLUEJAY MARKET,PERRY,DALLAS
10016,KWIK STAR #1180 / PERRY,PERRY,DALLAS
6090,CIRCLE K #22654125 / PERRY,PERRY,DALLAS
6089,CIRCLE K #22654124 / PERRY,PERRY,DALLAS
2612,HY-VEE STORE / PERRY,PERRY,DALLAS
5235,KUM & GO #540 / WAUKEE,WAUKEE,DALLAS
2719,HY-VEE FAST AND FRESH / WAUKEE,WAUKEE,DALLAS
6191,HY-VEE FAST AND FRESH #2 / WAUKEE,WAUKEE,DALLAS
4868,KUM & GO #59 / WAUKEE,WAUKEE,DALLAS
2688,HY-VEE C-STORE - EAST HICKMAN,WAUKEE,DALLAS
4378,KUM & GO #1202 / WAUKEE,WAUKEE,DALLAS
5521,CASEY'S GENERAL STORE #3640 / WAUKEE,WAUKEE,DALLAS
4359,KUM & GO #75 / WAUKEE,WAUKEE,DALLAS
5752,CASEY'S GENERAL STORE #2481 / BLOOMFIELD,BLOOMFIELD,DAVIS
5868,BROTHERS MARKET / BLOOMFIELD,BLOOMFIELD,DAVIS
2668,HY-VEE FOOD STORE / LEON,LEON,DECATUR
5361,LIQUORLAND / BURLINGTON,BURLINGTON,DES MOINES
6311,LIGHTNING LIQUOR AND SMOKE SHOP - BURLINGTON,BURLINGTON,DES MOINES
10171,SHERPA LIQUOR & TOBACCO OUTLET / BURLINGTON,BURLINGTON,DES MOINES
10170,SHERPA LIQUOR & TOBACCO OUTLET 1 / BURLINGTON,BURLINGTON,DES MOINES
5149,B S MINI MART INC,BURLINGTON,DES MOINES
10254,FASTLAND LLC / BURLINGTON,BURLINGTON,DES MOINES
2507,HY-VEE FOOD STORE #1 (1042) / BURLINGTON,BURLINGTON,DES MOINES
2506,HY-VEE #2 (1044) / BURLINGTON,BURLINGTON,DES MOINES
4752,GASLAND / BURLINGTON,BURLINGTON,DES MOINES
10153,IOWA SPIRITS / BURLINGTON,BURLINGTON,DES MOINES
5204,QUIK STOP  /  BURLINGTON,BURLINGTON,DES MOINES
4258,FAREWAY STORES #009 / BURLINGTON,BURLINGTON,DES MOINES
5517,MEPO FOODS / MEDIAPOLIS,MEDIAPOLIS,DES MOINES
4790,MEDIAPOLIS FAST BREAK,MEDIAPOLIS,DES MOINES
5807,CASEY'S GENERAL STORE #1028 / MIDDLETOWN,MIDDLETOWN,DES MOINES
3562,WAL-MART 0797 / W BURLINGTON,WEST BURLINGTON,DES MOINES
5434,"MK MINIMART, INC",WEST BURLINGTON,DES MOINES
5825,CASEY'S GENERAL STORE #2019 / WEST BURLINGTON,WEST BURLINGTON,DES MOINES
4983,RIVER MART,WEST BURLINGTON,DES MOINES
4858,HWY 34 TRUCKSTOP,WEST BURLINGTON,DES MOINES
4171,"BROTHERS MARKET, INC. / CASCADE",CASCADE,DUBUQUE
5531,MCDERMOTT OIL CO,CASCADE,DUBUQUE
2624,HY-VEE #2 / DUBUQUE,DUBUQUE,DUBUQUE
2524,HY-VEE FOOD STORE #1 (1159) / DUBUQUE,DUBUQUE,DUBUQUE
2649,HY-VEE #3 / DUBUQUE,DUBUQUE,DUBUQUE
4334,FAREWAY STORES #114 / DUBUQUE,DUBUQUE,DUBUQUE
3632,WAL-MART 2004 / DUBUQUE,DUBUQUE,DUBUQUE
3872,TARGET STORE T-0086 / DUBUQUE,DUBUQUE,DUBUQUE
10316,LUXEMBURG CORNER MART AND GAS / LUXEMBURG,LUXEMBURG,DUBUQUE
4573,CASEY'S GENERAL STORE #1330 / HAMBURG,HAMBURG,FREMONT
6329,8 SECONDS / SIDNEY,SIDNEY,FREMONT
5223,CASEY'S GENERAL STORE #1503 / TABOR,TABOR,FREMONT
2459,JUBILEE FOODS,GUTHRIE CENTER,GUTHRIE
5191,CASEY'S GENERAL STORE #1534 / GUTHRI,GUTHRIE CENTER,GUTHRIE
4473,CASEY'S GENERAL STORE #92 / PANORA,PANORA,GUTHRIE
3465,HOMETOWN FOODS / PANORA,PANORA,GUTHRIE
3461,HOMETOWN FOODS / STUART,STUART,GUTHRIE
6265,KC STORE / STRATFORD,STRATFORD,HAMILTON
2602,HY-VEE FOOD STORE / WEBSTER CITY,WEBSTER CITY,HAMILTON
10154,HIWAY 20 LIQUOR AND TOBACCO / WEBSTER CITY,WEBSTER CITY,HAMILTON
5387,CASEY'S GENERAL STORE # 3054/ WEBSTER CITY,WEBSTER CITY,HAMILTON
5297,YESWAY STORE # 10018/ WEBSTER CITY,WEBSTER CITY,HAMILTON
4235,FAREWAY STORES #395 / WEBSTER CITY,WEBSTER CITY,HAMILTON
3592,WAL-MART 0886 / FORT DODGE,FORT DODGE,HARDIN
6282,JET STOP NEW LONDON / NEW LONDON,NEW LONDON,HENRY
2606,HY-VEE WINE AND SPIRITS / HUMBOLDT,HUMBOLDT,HUMBOLDT
4319,FAREWAY STORES #703 / HUMBOLT,HUMBOLDT,HUMBOLDT
5883,KIMMES HUMBOLDT COUNTRY STORE #14,HUMBOLDT,HUMBOLDT
5237,WORLD LIQUOR & TOBACCO + VAPE,FORT DODGE,IOWA
5737,SUPER STOP & SHOP / BALDWIN,BALDWIN,JACKSON
3886,WAL-MART 0646 / ANAMOSA,ANAMOSA,JONES
5333,FAREWAY STORES #166/ ANAMOSA,ANAMOSA,JONES
5611,CASEY'S GENERAL STORE #2908 / ANAMOSA,ANAMOSA,JONES
5601,CASEY'S GENERAL STORE #1889 / MONTICELLO,MONTICELLO,JONES
6249,HY-VEE DOLLAR FRESH / MONTICELLO,MONTICELLO,JONES
4252,FAREWAY STORES #840 / MONTICELLO,MONTICELLO,JONES
5896,CASEY'S GENERAL STORE #1126 / WYOMING,WYOMING,JONES
2509,HY-VEE / DRUGTOWN #1 (7020) / CEDAR RAPIDS,CEDAR RAPIDS,LINN
5569,CASEY'S GENERAL STORE #2765 / CEDAR RAPIDS,CEDAR RAPIDS,LINN
2618,HY-VEE DRUGSTORE #6 / CEDAR RAPIDS,CEDAR RAPIDS,LINN
5572,CASEY'S GENERAL STORE #2790 / CEDAR RAPIDS,CEDAR RAPIDS,LINN
4439,CENTER POINT FOODS,CENTER POINT,LINN
5253,THE CORNER STORE,CENTER POINT,LINN
5922,CASEY'S GENERAL STORE #3896 / CENTER POINT,CENTER POINT,LINN
10232,HOMETOWN MARKET / CENTRAL CITY,CENTRAL CITY,LINN
4876,QUICK MART / HIAWATHA,HIAWATHA,LINN
6254,HY-VEE FAST AND FRESH / MARION,MARION,LINN
6201,NEIGHBORHOOD TOBACCO OUTLET / MARION,MARION,LINN
3868,WAL-MART 3630 / MARION,MARION,LINN
10104,MEGA RETAIL / MARION,MARION,LINN
6127,CORNER MART / MARION,MARION,LINN
4155,FAREWAY STORES #949 / MARION,MARION,LINN
5575,CASEY'S GENERAL STORE #2919 / MARION,MARION,LINN
5350,CASEY'S GENERAL STORE # 3562/ MARION,MARION,LINN
6298,BP TO GO #6 / MARION,MARION,LINN
5574,CASEY'S GENERAL STORE #2760 / MARION,MARION,LINN
10053,JJ GAS AND FOOD / SPRINGVILLE,SPRINGVILLE,LINN
4934,CASEY'S GENERAL STORE #2811 / SPRINGVILLE,SPRINGVILLE,LINN
3403,ECON-O-MART / COLUMBUS JUNCTION,COLUMBUS JUNCTION,LOUISA
10245,TWO RIVERS / COLUMBUS JUNCTION,COLUMBUS JUNCTION,LOUISA
5583,CASEY'S GENERAL STORE #2498 / WAPELLO,WAPELLO,LOUISA
10213,NEW STAR / CHARITON,CHARITON,LUCAS
2551,HY-VEE FOOD STORE (1065) / CHARITON,CHARITON,LUCAS
10307,SUPER QUICK LIQUOR / KNOXVILLE,KNOXVILLE,MARION
2566,HY-VEE FOOD STORE (1353) / KNOXVILLE,KNOXVILLE,MARION
4275,FAREWAY STORES #980 / KNOXVILLE,KNOXVILLE,MARION
5991,CASEY'S GENERAL STORE #1827 / KNOXVILLE,KNOXVILLE,MARION
4817,CASEY'S GENERAL STORE #3217 / KNOXVILLE,KNOXVILLE,MARION
3660,WAL-MART 2935 / KNOXVILLE,KNOXVILLE,MARION
3909,D AND S GROCERY,MELCHER-DALLAS,MARION
5233,CASEY'S GENERAL STORE #2640 / PLEASA,PLEASANTVILLE,MARION
10037,WHISKEY WOLF LIQUOR / GLENWOOD,GLENWOOD,MILLS
4042,LAKE OHANA MARKET / MINEOLA,GLENWOOD,MILLS
4629,KWIK SHOP #541 / GLENWOOD,GLENWOOD,MILLS
4708,NO FRILLS SUPERMARKETS #803 / GLENWOOD,GLENWOOD,MILLS
5671,RUSS'S MARKET #30,GLENWOOD,MILLS
4011,JIM AND CHARLIES AFFILIATED,ALBIA,MONROE
2559,HY-VEE FOOD STORE (1009) / ALBIA,ALBIA,MONROE
4811,CASEY'S GENERAL STORE #1327 / LOVILIA,LOVILIA,MONROE
5968,CASEY'S GENERAL STORE #1496 / RED OAK,RED OAK,MONTGOMERY
5967,CASEY'S GENERAL STORE #1728 / RED OAK,RED OAK,MONTGOMERY
4318,FAREWAY STORES #841 / RED OAK,RED OAK,MONTGOMERY
5864,CASEY'S GENERAL STORE #2803 / VILLISCA,VILLISCA,MONTGOMERY
5210,DING'S HONK'N HOLLER,CLARINDA,PAGE
2655,HY-VEE FOOD STORE / CLARINDA,CLARINDA,PAGE
4249,FAREWAY STORES #048 / CLARINDA,CLARINDA,PAGE
5785,CASEY'S GENERAL STORE #2491 / CLARINDA,CLARINDA,PAGE
5787,CASEY'S GENERAL STORE #2699 / ESSEX,ESSEX,PAGE
2607,HY-VEE WINE AND SPIRITS / SHENANDOAH,SHENANDOAH,PAGE
4246,FAREWAY STORES #938 / SHENANDOAH,SHENANDOAH,PAGE
6050,CASEY'S GENERAL STORE #2539 / SHENANDOAH,SHENANDOAH,PAGE
6101,BREW OIL #26 / POCAHONTAS,POCAHONTAS,POCAHONTAS
10177,"FAREWAY STORES, INC. #233 / CLIVE",CLIVE,POLK
6303,WORLD LIQUOR & TOBACCO + VAPORS / DES MOINES,DES MOINES,POLK
6256,821 SQ LIQUOR / DES MOINES,DES MOINES,POLK
4140,FAREWAY STORES #900 / EUCLID,DES MOINES,POLK
6126,CASH SAVER #34 / DES MOINES,DES MOINES,POLK
5098,BEST FOOD MART 3  LLC,DES MOINES,POLK
2248,INGERSOLL LIQUOR AND BEVERAGE,DES MOINES,POLK
5127,PRICE CHOPPER  /  INGERSOLL,DES MOINES,POLK
4601,KUM & GO #4110 / GUTHRIE DM,DES MOINES,POLK
6118,CASH SAVER #33 / DES MOINES,DES MOINES,POLK
10275,UNIVERSITY MARKET / DES MOINES,DES MOINES,POLK
6264,MLK LIQUOR LLC / DES MOINES,DES MOINES,POLK
4301,SAHOTA FOOD MART,DES MOINES,POLK
3678,"SMOKE SHOP, THE",DES MOINES,POLK
6064,CASEY'S GENERAL STORE #2676 / DES MOINES,DES MOINES,POLK
5145,SOUTH SIDE FOOD MART,DES MOINES,POLK
4622,QUIK TRIP #544 / SE 14TH DM,DES MOINES,POLK
5507,QUIK TRIP #559 / FLEUR,DES MOINES,POLK
4361,QUIK TRIP #538 / NW 2ND / DSM,DES MOINES,POLK
2627,HY-VEE WINE & SPIRITS #1 / MLK,DES MOINES,POLK
5338,KUM & GO #539/ NW 2ND AVE,DES MOINES,POLK
4377,QUIK TRIP #562 / NE 14TH / DSM,DES MOINES,POLK
4641,KUM & GO #573 / SE 14TH DM,DES MOINES,POLK
5891,CASEY'S GENERAL STORE #2786 / DES MOINES,DES MOINES,POLK
6209,HY-VEE / GRIMES,GRIMES,POLK
5615,CASEY'S GENERAL STORE #2520 / GRIMES,GRIMES,POLK
4209,WAL-MART 5748 / GRIMES,GRIMES,POLK
4374,KUM & GO #141 / GRIMES,GRIMES,POLK
10227,GRIMES LIQUOR SHOP / GRIMES,GRIMES,POLK
4661,QUIK TRIP #531 / GRIMES,GRIMES,POLK
5698,CASEY'S #3746 / GRIMES,GRIMES,POLK
6317,HY-VEE FAST AND FRESH #2 / GRIMES,GRIMES,POLK
4136,FAREWAY STORES #983 / GRIMES,GRIMES,POLK
6006,CASEY'S GENERAL STORE #2635 / JOHNSTON,JOHNSTON,POLK
4513,CASEY'S GENERAL STORE #1144 / POLK CITY,POLK CITY,POLK
4901,FAREWAY STORES #137 / POLK CITY,POLK CITY,POLK
5216,CASEY'S GENERAL STORE #2683  /  RUNN,RUNNELLS,POLK
3691,TARGET STORE T-1791 / URBANDALE,URBANDALE,POLK
10025,HY-VEE FAST AND FRESH #4 (7583) / URBANDALE,URBANDALE,POLK
4450,KUM & GO #157 / URBANDALE,URBANDALE,POLK
4890,CASEY'S GENERAL STORE #3210 / URBANDALE,URBANDALE,POLK
10034,HY-VEE FAST AND FRESH #5 (7584) / URBANDALE,URBANDALE,POLK
5255,WHOLE FOODS MARKET,WEST DES MOINES,POLK
3871,TARGET STORE T-0069 / WDM,WEST DES MOINES,POLK
5322,AVOCA FOOD LAND,AVOCA,POTTAWATTAMIE
10028,DUAL STOP CARTER LAKE / CARTER LAKE,CARTER LAKE,POTTAWATTAMIE
2613,HY-VEE FOOD STORE #1 / COUNCIL BLUFFS,COUNCIL BLUFFS,POTTAWATTAMIE
4159,FAREWAY STORES #073 / COUNCIL BLUFFS,COUNCIL BLUFFS,POTTAWATTAMIE
2629,HY-VEE FOOD STORE #2 / COUNCIL BLUFFS,COUNCIL BLUFFS,POTTAWATTAMIE
4740,WALGREENS #04405 / COUNCIL BLUFFS,COUNCIL BLUFFS,POTTAWATTAMIE
5327,MEGA SAVER / COUNCIL BLUFFS,COUNCIL BLUFFS,POTTAWATTAMIE
10094,CASEY'S #6134 / COUNCIL BLUFFS,COUNCIL BLUFFS,POTTAWATTAMIE
4808,CB QUICK STOP / COUNCIL BLUFFS,COUNCIL BLUFFS,POTTAWATTAMIE
5077,WAL-MART 3150 / COUNCIL BLUFFS,COUNCIL BLUFFS,POTTAWATTAMIE
5915,THE HUT / COUNCIL BLUFFS,COUNCIL BLUFFS,POTTAWATTAMIE
4626,KWIK SHOP #527 / COUNCIL BLUFFS,COUNCIL BLUFFS,POTTAWATTAMIE
5195,CASEY'S GENERAL STORE #3203 / COUNCI,COUNCIL BLUFFS,POTTAWATTAMIE
10091,CASEY'S #6116 / COUNCIL BLUFFS,COUNCIL BLUFFS,POTTAWATTAMIE
10261,AVENUE G STORE / COUNCIL BLUFFS,COUNCIL BLUFFS,POTTAWATTAMIE
5044,CASEY'S GENERAL STORE #3202 / CRESCE,CRESCENT,POTTAWATTAMIE
4414,KUM & GO #23 / NEOLA,NEOLA,POTTAWATTAMIE
2445,RUBACK'S FOOD CENTER,OAKLAND,POTTAWATTAMIE
4516,CASEY'S GENERAL STORE #1569 / OAKLAND,OAKLAND,POTTAWATTAMIE
5858,TAYLOR QUIK PIK - SHELBY,SHELBY,POTTAWATTAMIE
2658,HY-VEE FOOD STORE / MOUNT AYR,MOUNT AYR,RINGGOLD
4779,CASEY'S GENERAL STORE #3782 / MOUNT AYR,MOUNT AYR,RINGGOLD
4464,PERFECT VALUE LIQUOR MART,ELDRIDGE,SCOTT
5910,ELDRIDGE MART,ELDRIDGE,SCOTT
10167,HY-VEE / ELDRIDGE,ELDRIDGE,SCOTT
4103,FAREWAY STORES #093 / AMES,AMES,STORY
4015,WAL-MART 0749 / AMES,AMES,STORY
4509,AJ'S LIQUOR II,AMES,STORY
5552,CASEY'S GENERAL STORE #2905 / AMES,AMES,STORY
4102,FAREWAY STORES #386 / AMES,AMES,STORY
4960,AJ'S LIQUOR III,AMES,STORY
6304,WORLD LIQUOR & TOBACCO + VAPORS / AMES,AMES,STORY
4436,KUM & GO #216  AMES,AMES,STORY
4675,KUM & GO #1113 / AMES,AMES,STORY
5648,FAREWAY STORES #189 / AMES,AMES,STORY
4656,CASEY'S GENERAL STORE #2301 / AMES,AMES,STORY
5536,THE FILLING STATION / AMES,AMES,STORY
5465,KUM & GO #1215 / AMES,AMES,STORY
5135,FAREWAY STORES #155 / HUXLEY,HUXLEY,STORY
6194,HY-VEE DOLLAR FRESH / NEVADA,NEVADA,STORY
4105,FAREWAY STORES #426 / NEVADA,NEVADA,STORY
5000,CASEY'S GENERAL STORE #3319 / NEVADA,NEVADA,STORY
4575,CASEY'S GENERAL STORE #2304 / SLATER,SLATER,STORY
2657,HY-VEE FOOD STORE / BEDFORD,BEDFORD,TAYLOR
5110,RAMSEY'S MARKET LIQUOR,LENOX,TAYLOR
4291,FAREWAY STORES #597 / CRESTON,CRESTON,UNION
2553,HY-VEE FOOD STORE (1095) / CRESTON,CRESTON,UNION
10209,CRESTON LIQUORS / CRESTON,CRESTON,UNION
4823,CASEY'S GENERAL STORE #3223 / CRESTON,CRESTON,UNION
3830,WAL-MART 1435 / CRESTON,CRESTON,UNION
6314,JET STOP MILTON / MILTON,MILTON,VAN BUREN
4069,FAREWAY STORES #648 / OTTUMWA,OTTUMWA,WAPELLO
3726,WAL-MART 1285 / OTTUMWA,OTTUMWA,WAPELLO
3916,SMOKIN' JOE'S #5 TOBACCO AND LIQUOR OUTLET,OTTUMWA,WAPELLO
5768,CASEY'S GENERAL STORE #1886 / OTTUMWA,OTTUMWA,WAPELLO
5767,CASEY'S GENERAL STORE #1678 / OTTUMWA,OTTUMWA,WAPELLO
5300,YESWAY STORE # 10013/ OTTUMWA,OTTUMWA,WAPELLO
5513,RICHMOND & FERRY BP,OTTUMWA,WAPELLO
5050,FAREWAY STORES #147 / CARLISLE,CARLISLE,WARREN
5975,CASEY'S GENERAL STORE #1676 / CARLISLE,CARLISLE,WARREN
4369,KUM & GO #28 / NORWALK,NORWALK,WARREN
4370,KUM & GO #240 / NORTH AVE NORWALK,NORWALK,WARREN
6052,CASEY'S GENERAL STORE #2568 / NORWALK,NORWALK,WARREN
5229,CASEY'S GENERAL STORE #3422 / NORWAL,NORWALK,WARREN
4092,FAREWAY STORES #077 / NORWALK,NORWALK,WARREN
5696,CASEY'S #1025 /KALONA,KALONA,WASHINGTON
5702,WESTSIDE PETRO,KALONA,WASHINGTON
5951,CASEY'S GENERAL STORE #3900 / RIVERSIDE,RIVERSIDE,WASHINGTON
10281,CORYDON CORNER / CORYDON,CORYDON,WAYNE
2669,HY-VEE / CORYDON,CORYDON,WAYNE
5059,CASEY'S GENERAL STORE #1125 / HUMEST,HUMESTON,WAYNE
5549,CASEY'S GENERAL STORE #2515 / DAYTON,DAYTON,WEBSTER
4324,DAYTON COMMUNITY GROCERY,DAYTON,WEBSTER
4311,FAREWAY STORES #508 / FORT DODGE,FORT DODGE,WEBSTER
6130,HIWAY 20 LIQUOR AND TOBACCO / FORT DODGE,FORT DODGE,WEBSTER
6068,STAR CONVENIENCE / FORT DODGE,FORT DODGE,WEBSTER
6095,LIQUOR TOBACCO OUTLET / FORT DODGE,FORT DODGE,WEBSTER
5557,CASEY'S GENERAL STORE #2014 / FORT DODGE,FORT DODGE,WEBSTER
2562,HY-VEE FOOD STORE (1192) / FORT DODGE,FORT DODGE,WEBSTER
5450,CASEY'S GENERAL STORE # 2211/ FORT DODGE,FORT DODGE,WEBSTER
10233,COALVILLE STOP N SHOP / FORT DODGE,FORT DODGE,WEBSTER
4514,CASEY'S GENERAL STORE #2813 / FORT DODGE,FORT DODGE,WEBSTER
6028,CASEY'S GENERAL STORE #2686 / FORT DODGE,FORT DODGE,WEBSTER
3901,TARGET STORE T-0878 / FORT DODGE,FORT DODGE,WEBSTER
10303,DECORAH MART / DECORAH,DECORAH,WINNESHIEK
2712,HY-VEE / DECORAH,DECORAH,WINNESHIEK
5463,BACKWATER SPIRITS AND MORE,DECORAH,WINNESHIEK
4183,FAREWAY STORES #589 / DECORAH,DECORAH,WINNESHIEK
10258,KWIK STAR #1190 / DECORAH,DECORAH,WINNESHIEK
5919,CASEY'S GENERAL STORE #2584  / OSSIAN,OSSIAN,WINNESHIEK
2594,HY-VEE FOOD STORE / SIOUX CITY,SIOUX CITY,WOODBURY
2621,HY-VEE FOOD STORE #3 / SIOUX CITY,SIOUX CITY,WOODBURY
3722,WAL-MART 1361 / SIOUX CITY,SIOUX CITY,WOODBURY
3757,WAL-MART 3590 / SIOUX CITY,SIOUX CITY,WOODBURY
4202,FAREWAY STORES #829 / SIOUX CITY,SIOUX CITY,WOODBURY
3447,SAM'S CLUB 6432 / SIOUX CITY,SIOUX CITY,WOODBURY
4201,FAREWAY STORES #022 / SIOUX CITY,SIOUX CITY,WOODBURY
4200,FAREWAY STORES #019 / SIOUX CITY,SIOUX CITY,WOODBURY
4169,SUPER QUICK 2 / HUBBELL,DES MOINES,POLK
5623,EASYGO,DES MOINES,POLK
5131,OASIS,DES MOINES,POLK
5466,SOUTHSIDE TOBACCO & LIQUOR,DES MOINES,POLK
4997,DOWNTOWN PANTRY,DES MOINES,POLK
4942,EAST VILLAGE PANTRY,DES MOINES,POLK
4057,TEQUILA'S LIQUOR STORE,DES MOINES,POLK
6338,TOBACCO HUT PLUS US GAS / DES MOINES,DES MOINES,POLK
5051,OASIS,DES MOINES,POLK
3825,SHOP N SAVE #2 / E 14TH,DES MOINES,POLK
4596,QUIK TRIP #534 / E UNIVERSITY DM,DES MOINES,POLK
4273,SMOKIN' JOE'S #4 TOBACCO AND LIQUOR OUTLET,DES MOINES,POLK
5970,KUM & GO #7701 / DES MOINES,DES MOINES,POLK
4186,H AND A MINI MART /BP,DES MOINES,POLK
3698,INGERSOLL WINE MERCHANTS,WEST DES MOINES,POLK
10181,BLAIRSTOWN QUICK STOP / BLAIRSTOWN,BLAIRSTOWN,BENTON
5594,DEPOT NORWAY,NORWAY,BENTON
6025,CASEY'S GENERAL STORE #3030 / STORM LAKE,STORM LAKE,BUENA VISTA
4571,CASEY'S GENERAL STORE #2357 / ALLISON,ALLISON,BUTLER
4613,SPARKY'S ONE STOP / CARROLL,CARROLL,CARROLL
5205,GLIDDEN GROCERY,GLIDDEN,CARROLL
6272,THURSTY THURSTON'S LIQUOR / CLARENCE,CLARENCE,CEDAR
5850,CASEY'S GENERAL STORE #2684 - DURANT,DURANT,CEDAR
4562,CASEY'S GENERAL STORE #2989 / MECHANICSVILLE,MECHANICSVILLE,CEDAR
4380,KUM & GO #254 / WEST BRANCH,WEST BRANCH,CEDAR
10319,CALAMUS COUNTRY STORE / CALAMUS,CALAMUS,CLINTON
10068,ESSENTIALS PLUS / CLINTON,CLINTON,CLINTON
5553,CASEY'S GENERAL STORE #2222 / CLINTON,CLINTON,CLINTON
4541,CASEY'S GENERAL STORE #1045 / DELMAR,DELMAR,CLINTON
5329,DIVA & TEJ GAS & FOOD,GRAND MOUNDS,CLINTON
10120,BP / WELTON,WELTON,CLINTON
6189,HY-VEE DOLLAR FRESH / MANCHESTER,MANCHESTER,DELAWARE
4189,FAREWAY STORES #594 / MANCHESTER,MANCHESTER,DELAWARE
5613,CASEY'S GENERAL STORE #2624 / MANCHESTER,MANCHESTER,DELAWARE
5637,CATFISH CHARLIE'S,DUBUQUE,DUBUQUE
3959,HARTIG DRUG COMPANY #8/UNIVERSITY,DUBUQUE,DUBUQUE
5857,EZ STOP II - DUBUQUE,DUBUQUE,DUBUQUE
4106,HARTIG DRUG COMPANY #3/JFK,DUBUQUE,DUBUQUE
3738,HARTIG DRUG COMPANY #4 / DUBUQUE,DUBUQUE,DUBUQUE
10036,TOBACCO OUTLET PLUS #504 / DUBUQUE,DUBUQUE,DUBUQUE
4766,KEYWEST CONOCO / DUBUQUE,DUBUQUE,DUBUQUE
5006,KWIK STOP 16TH STREET #325,DUBUQUE,DUBUQUE
4663,CASEY'S GENERAL STORE #3077 / PEOSTA,PEOSTA,DUBUQUE
5814,EICHMAN ENTERPRISES INC / SAGEVILLE,SAGEVILLE,DUBUQUE
10315,A & Z LIQUOR / HAMPTON,HAMPTON,FRANKLIN
5832,CASEY'S GENERAL STORE #1605 / HAMPTON,HAMPTON,FRANKLIN
4653,CASEY'S GENERAL STORE #1617 / JEFFERSON,JEFFERSON,GREENE
2628,HY-VEE FOOD STORE / ELDORA,ELDORA,HARDIN
10194,GOODSTOP BY CASEY'S #4313 / ELDORA,ELDORA,HARDIN
5878,HOMETOWN FOODS - HUBBARD,HUBBARD,HARDIN
6059,CASEY'S GENERAL STORE #1793 / IOWA FALLS,IOWA FALLS,HARDIN
6032,CASEY'S GENERAL STORE #1167 / HOLSTEIN,HOLSTEIN,IDA
5650,THE DEPOT WILLIAMSBURG,WILLIAMSBURG,IOWA
5998,WILTON EXPRESS,WILTON,IOWA
5369,"BORMANNS NEIGHBORHOOD PITSTOP, LLC",BELLEVUE,JACKSON
4051,FAREWAY STORES #639 / MAQUOKETA,MAQUOKETA,JACKSON
6141,KJ'S CONVENIENCE & DELI / MAQUOKETA,MAQUOKETA,JACKSON
6076,SHOP N SAVE NEWTON,NEWTON,JASPER
5830,CASEY'S GENERAL STORE #1911 / NEWTON,NEWTON,JASPER
6285,CASEY'S #3954 / NEWTON,NEWTON,JASPER
3822,THE SECRET CELLAR,SHUEYVILLE,JOHNSON
5824,CASEY'S GENERAL STORE #1695 / SOLON,SOLON,JOHNSON
4787,380BP / SWISHER,SWISHER,JOHNSON
10251,THOMSEN'S FILLING STATION / OXFORD JUNCTION,OXFORD JUNCTION,JONES
4921,MARKET EXPRESS,CEDAR RAPIDS,LINN
5949,UPTOWN LIQUOR & TOBACCO / CEDAR RAPIDS,CEDAR RAPIDS,LINN
5356,CASEY'S GENERAL STORE # 3561/ CEDAR RAPIDS,CEDAR RAPIDS,LINN
4861,THE STATION / CEDAR RAPIDS,CEDAR RAPIDS,LINN
4852,KUM & GO #520 / CEDAR RAPIDS,CEDAR RAPIDS,LINN
2568,HY-VEE FOOD STORE #4 / CEDAR RAPIDS,CEDAR RAPIDS,LINN
4745,WALGREENS #05042 / CEDAR RAPIDS,CEDAR RAPIDS,LINN
5573,CASEY'S GENERAL STORE #2768 / CEDAR RAPIDS,CEDAR RAPIDS,LINN
4530,CASEY'S GENERAL STORE #2566 / ELY,ELY,LINN
5805,CASEY'S GENERAL STORE #2229 / OSAGE,OSAGE,MITCHELL
5799,CASEY'S GENERAL STORE #2472 / NICHOLS,NICHOLS,MUSCATINE
4610,CASEY'S GENERAL STORE #2992 / FONDA,FONDA,POCAHONTAS
4594,QUIK TRIP #554 / SW 63RD DM,DES MOINES,POLK
5347,KUM & GO #1097 / 50TH WDM,WEST DES MOINES,POLK
4715,WALGREENS #06678 / WEST DES MOINES,WEST DES MOINES,POLK
6081,CIRCLE K / WDM,WEST DES MOINES,POLK
5147,VICTOR'S MARKET,VICTOR,POWESHIEK
6188,SPARKY'S ONE STOP / LAKE VIEW,LAKE VIEW,SAC
10180,SWEETIES LIQUOR STORE AND COFFEE SHOP LLC / ODEBOLT,ODEBOLT,SAC
5256,CASEY'S GENERAL STORE # 1331/ SAC CITY,SAC CITY,SAC
2840,CVS PHARMACY #8633 / BETTENDORF,BETTENDORF,SCOTT
4717,WALGREENS #05512 / BETTENDORF,BETTENDORF,SCOTT
2687,HY-VEE FAST & FRESH EXPRESS- BETTENDORF,BETTENDORF,SCOTT
4552,CASEY'S GENERAL STORE #2493 / BUFFALO,BUFFALO,SCOTT
3917,SMOKIN' JOE'S #2 TOBACCO AND LIQUOR OUTLET,DAVENPORT,SCOTT
10138,BRADY MART / DAVENPORT,DAVENPORT,SCOTT
4750,WALGREENS #04041 / DAVENPORT,DAVENPORT,SCOTT
10323,TOBACCO 4 LESS / DAVENPORT,DAVENPORT,SCOTT
2838,CVS PHARMACY #8658 / DAVENPORT,DAVENPORT,SCOTT
4749,WALGREENS #05239 / DAVENPORT,DAVENPORT,SCOTT
5692,LOCUST MART / DAVENPORT,DAVENPORT,SCOTT
5847,MOTI'S FOOD,DAVENPORT,SCOTT
2722,HY-VEE GAS #5 / DAVENPORT,DAVENPORT,SCOTT
10285,HY-VEE FAST & FRESH 2 / DAVENPORT,DAVENPORT,SCOTT
5141,CASEY'S GENERAL STORE #3418 / GOWRIE,GOWRIE,WEBSTER
5931,THRIFTWAY / LA PORTE CITY,LA PORTE CITY,BLACK HAWK
5181,CASEY'S GENERAL STORE #3434  /  DENV,DENVER,BREMER
5537,PRONTO MARKET / SUMNER,SUMNER,BREMER
5885,CASEY'S GENERAL STORE #67 / SUMNER,SUMNER,BREMER
10312,THE LIQUOR STOP / SUMNER,SUMNER,BREMER
5352,CASEY'S GENERAL STORE # 3565/ TRIPOLI,TRIPOLI,BREMER
5616,CASEY'S GENERAL STORE #2623 / FAIRBANK,FAIRBANK,BUCHANAN
3784,HARTIG DRUG #14 / INDEPENDENCE,INDEPENDENCE,BUCHANAN
3859,WAL-MART 0750 / INDEPENDENCE,INDEPENDENCE,BUCHANAN
5745,CASEY'S GENERAL STORE #3292,INDEPENDENCE,BUCHANAN
4498,SPEEDE SHOP / WINTHROP,WINTHROP,BUCHANAN
4584,J & C GROCERY / DUMONT,DUMONT,BUTLER
6043,CASEY'S GENERAL STORE #3904 / MANNING,MANNING,CARROLL
10336,A-T-V SHACK / NEW HAMPTON,NEW HAMPTON,CHICKASAW
6037,CASEY'S GENERAL STORE #3332 / MURRAY,MURRAY,CLARKE
4825,CASEY'S GENERAL STORE #3212 / OSCEOLA,OSCEOLA,CLARKE
2550,HY-VEE FOOD STORE (1473) / OSCEOLA,OSCEOLA,CLARKE
5541,CASEY'S GENERAL STORE #2550 / OSCEOLA,OSCEOLA,CLARKE
6165,STRAWBERRY FOOD,STRAWBERRY POINT,CLAYTON
5171,GARY'S LIQUOR & WINE LTD,DELAWARE,DELAWARE
10320,SUPER MART / OELWEIN,OELWEIN,FAYETTE
10019,OELWEIN MART / OELWEIN,OELWEIN,FAYETTE
10158,BP EXPRESS / WEST UNION,WEST UNION,FAYETTE
4973,QUILLINS QUALITY FOODS WEST UNION,WEST UNION,FAYETTE
5488,YESWAY #1103 / ROCKFORD,ROCKFORD,FLOYD
4396,"TRUNCK'S COUNTRY FOODS, INC.",REINBECK,GRUNDY
4651,CASEY'S GENERAL STORE #2300 / JEWELL,JEWELL,HAMILTON
5720,CASEY'S GENERAL STORE #1921- ACKLEY,ACKLEY,HARDIN
5089,MOS MINI MART,MISSOURI VALLEY,HARRISON
5389,CASEY'S GENERAL STORE # 2511/ CRESCO,CRESCO,HOWARD
5884,CASEY'S GENERAL STORE #3439 / LIME SPRINGS,LIME SPRINGS,HOWARD
5179,BAXTER FAMILY MARKET,BAXTER,JASPER
5786,CASEY'S GENERAL STORE #2779 / CORALVILLE,CORALVILLE,JOHNSON
5185,KUM & GO #521  /  CORALVILLE,CORALVILLE,JOHNSON
5406,CASEY'S GENERAL STORE # 2918/ CORALVILLE,CORALVILLE,JOHNSON
5196,THE DEPOT CORALVILLE,CORALVILLE,JOHNSON
4705,WALGREENS #05977 / CORALVILLE,CORALVILLE,JOHNSON
6181,HY-VEE GAS #2 / CORALVILLE,CORALVILLE,JOHNSON
4837,KUM & GO #51 / IOWA CITY,IOWA CITY,JOHNSON
4728,WALGREENS #05077 / IOWA CITY,IOWA CITY,JOHNSON
6091,HAWKEYE LIQUOR & TOBACCO / IOWA CITY,IOWA CITY,JOHNSON
5994,HAWKEYE SMOKE AND LIQUOR / IOWA CITY,IOWA CITY,JOHNSON
5934,CITY LIQUOR / IOWA CITY,IOWA CITY,JOHNSON
4989,CASEY'S GENERAL STORE #3322 / IOWA CITY,IOWA CITY,JOHNSON
4844,IOWA CITY FAST BREAK,IOWA CITY,JOHNSON
5829,CASEY'S GENERAL STORE #3858 - IOWA CITY,IOWA CITY,JOHNSON
5511,THE DEPOT NORTH LIBERTY,NORTH LIBERTY,JOHNSON
9037,"GREEN FROG DISTILLERY, LLC (ET)",KEOKUK,LEE
3618,WAL-MART 2716 / CEDAR RAPIDS,CEDAR RAPIDS,LINN
5999,CASEY'S GENERAL STORE #2771 / CEDAR RAPIDS,CEDAR RAPIDS,LINN
3628,WAL-MART 1528 / CEDAR RAPIDS,CEDAR RAPIDS,LINN
5061,CASEY'S GENERAL STORE #3382 / CEDAR,CEDAR RAPIDS,LINN
4492,CASEY'S GENERAL STORE #2773 / CEDAR RAPIDS,CEDAR RAPIDS,LINN
4336,LAST CALL 2,GEORGE,LYON
5331,CASEY'S GENERAL STORE # 1536/ GEORGE,GEORGE,LYON
5413,LIL' CHUBS CORNER STOP,INWOOD,LYON
4337,GRAND FALLS CASINO RESORT,LARCHWOOD,LYON
4882,CASEY'S GENERAL STORE #3026 / ST CHARLES,ST CHARLES,MADISON
5410,UMIYA FOODMART INC,TRURO,MADISON
5772,CASEY'S GENERAL STORE #1062 / WINTERSET,WINTERSET,MADISON
5378,CASEY'S GENERAL STORE # 2543/ ALBION,ALBION,MARSHALL
6150,THE DEPOT GILMAN,GILMAN,MARSHALL
5170,CASEY'S GENERAL STORE #1414  / STATE,STATE CENTER,MARSHALL
5120,CASEY'S GENERAL STORE #3442 / MAPLET,MAPLETON,MONONA
6255,KWIK STAR #1165 / SIBLEY,SIBLEY,OSCEOLA
10257,MAYNARDS OF AKRON / AKRON,AKRON,PLYMOUTH
5519,CASEY'S GENERAL STORE #3648 / AKRON,AKRON,PLYMOUTH
4365,KUM & GO #222 / WEST ST GRINNELL,GRINNELL,POWESHIEK
3054,MCNALLY'S SUPER VALU,GRINNELL,POWESHIEK
3888,WAL-MART 0647 / GRINNELL,GRINNELL,POWESHIEK
4364,KUM & GO #22 / GRINNELL,GRINNELL,POWESHIEK
5639,CASEY'S GENERAL STORE #68 / ALTON,ALTON,SIOUX
6180,BREW OIL #11 / BOYDEN,BOYDEN,SIOUX
10164,LA HISPANA GROCERY / HAWARDEN,HAWARDEN,SIOUX
10197,SUNSHINE FOODS / HAWARDEN,HAWARDEN,SIOUX
10249,DUTCHMART FOODS / ORANGE CITY,ORANGE CITY,SIOUX
5480,CASEY'S GENERAL STORE #3385 / ORANGE CITY,ORANGE CITY,SIOUX
10218,ABARROTES GASCA LLC / ROCK VALLEY,ROCK VALLEY,SIOUX
10327,KWIK STAR 1208 / SIOUX CENTER,SIOUX CENTER,SIOUX
3981,WAL-MART 1152 / SIOUX CENTER,SIOUX CENTER,SIOUX
10302,SIOUX-PER CENTER / SIOUX CENTER,SIOUX CENTER,SIOUX
5582,CASEY'S GENERAL STORE #1398 / ROLAND,ROLAND,STORY
4355,KUM & GO #124 / STORY CITY,STORY CITY,STORY
6001,CASEY'S GENERAL STORE #1131 / DYSART,DYSART,TAMA
6022,TERRY'S FOOD CENTER / DYSART,DYSART,TAMA
6241,RAYMOND'S STATION / GARWIN,GARWIN,TAMA
5673,CASEY'S GENERAL STORE #2821 / GLADBROOK,GLADBROOK,TAMA
2697,HY-VEE DOLLAR FRESH - TOLEDO,TOLEDO,TAMA
4981,SINCLAIR FOOD MART,TRAER,TAMA
4504,JIFFY EXPRESS #921 / INDIANOLA,INDIANOLA,WARREN
3651,WAL-MART 1491 / INDIANOLA,INDIANOLA,WARREN
5972,CASEY'S GENERAL STORE #1623 / INDIANOLA,INDIANOLA,WARREN
4385,KUM & GO #43 / NEW VIRGINIA,NEW VIRGINIA,WARREN
10172,HUBER'S STORE / FORT ATKINSON,FORT ATKINSON,WINNESHIEK
6284,CASEY'S #3962 / SIOUX CITY,SIOUX CITY,WOODBURY
10190,CASEY'S GENERAL STORE #2608 / SIOUX CITY,SIOUX CITY,WOODBURY
5344,CASEY'S GENERAL STORE # 2607/ SIOUX CITY,SIOUX CITY,WOODBURY
4770,CASEY'S GENERAL STORE #3080 / HUDSON,HUDSON,BLACK HAWK
10080,NEW STAR RAYMOND / RAYMOND,RAYMOND,BLACK HAWK
4980,PRONTO BP,WASHBURN,BLACK HAWK
4910,PRIME MART #3 / WATERLOO,WATERLOO,BLACK HAWK
4760,WALGREENS #07455 / WATERLOO,WATERLOO,BLACK HAWK
4902,BROADWAY LIQUOR,WATERLOO,BLACK HAWK
5710,CASEY'S #3763 -WAVERLY,WAVERLY,BREMER
4754,WALGREENS #12148 / WAVERLY,WAVERLY,BREMER
5797,CASEY'S GENERAL STORE #1649 / WAVERLY,WAVERLY,BREMER
5746,CASEY'S GENERAL STORE #3037 / CHEROKEE,CHEROKEE,CHEROKEE
3484,JEFF'S FOODS,MARCUS,CHEROKEE
6168,BREW OIL #32 / SPENCER,SPENCER,CLAY
5728,BEER THIRTY DENISON,DENISON,CRAWFORD
10224,KIMMES DENISON COUNTRY STORE 11 / DENISON,DENISON,CRAWFORD
5937,CARSTENSEN'S MEAT AND GROCERY / LAKE PARK,LAKE PARK,DICKINSON
6114,STAN'S CORNER / LAKE PARK,LAKE PARK,DICKINSON
5021,KUM & GO #608 / OKOBOJI,OKOBOJI,DICKINSON
10240,FORBES MEAT / SPIRIT LAKE,SPIRIT LAKE,DICKINSON
5812,CASEY'S GENERAL STORE #2487 / SPIRIT LAKE,SPIRIT LAKE,DICKINSON
4854,CASEY'S GENERAL STORE #3029 / ARMSTRONG,ARMSTRONG,EMMET
4780,CASEY'S GENERAL STORE #3043 / BRITT,BRITT,HANCOCK
4463,CASEY'S GENERAL STORE #3031 / GARNER,GARNER,HANCOCK
5439,MT. PLEASANT FAST BREAK,MOUNT PLEASANT,HENRY
5398,CASEY'S GENERAL STORE # 2272/COLFAX,COLFAX,JASPER
6325,HY-VEE GAS / NEWTON,NEWTON,JASPER
5993,CASEY'S GENERAL STORE #3396 / SIGOURNEY,SIGOURNEY,KEOKUK
5978,CASEY'S GENERAL STORE #2460 / ALGONA,ALGONA,KOSSUTH
5928,CASEY'S GENERAL STORE #1762 / ALGONA,ALGONA,KOSSUTH
5677,YESWAY STORE #1198 / SWEA CITY,SWEA CITY,KOSSUTH
6034,THREE DOORS DOWN LIQUOR,WHITTEMORE,KOSSUTH
4555,CASEY'S GENERAL STORE #2614 / DONNELLSON,DONNELLSON,LEE
5826,CASEY'S GENERAL STORE #2595 / KEOKUK,KEOKUK,LEE
10337,WEST K MART / KEOKUK,KEOKUK,LEE
5213,GARNER ONE STOP,MONTROSE,LEE
4679,WALGREENS #12393 / CEDAR RAPIDS,CEDAR RAPIDS,LINN
5571,CASEY'S GENERAL STORE #2782 / CEDAR RAPIDS,CEDAR RAPIDS,LINN
5418,CASEY'S GENERAL STORE # 2780/CEDAR RAPIDS,CEDAR RAPIDS,LINN
2843,CVS PHARMACY #8526 / CEDAR RAPIDS,CEDAR RAPIDS,LINN
6275,LOCAL CRAFT CELLAR / CEDAR RAPIDS,CEDAR RAPIDS,LINN
5550,CASEY'S GENERAL STORE #2764 / HIAWATHA,HIAWATHA,LINN
5349,CASEY'S GENERAL STORE # 3564/ ROBINS,ROBINS,LINN
5833,CASEY'S GENERAL STORE #1546 / FREMONT,FREMONT,MAHASKA
5568,CASEY'S GENERAL STORE #2478 / NEW SHARON,NEW SHARON,MAHASKA
10328,BUDGET INN / OSKALOOSA,OSKALOOSA,MAHASKA
4821,CASEY'S GENERAL STORE #3215 / OSKALOOSA,OSKALOOSA,MAHASKA
5984,CASEY'S GENERAL STORE #3214 / OSKALOOSA,OSKALOOSA,MAHASKA
5985,CASEY'S GENERAL STORE #2350 / OSKALOOSA,OSKALOOSA,MAHASKA
5502,CASEY'S GENERAL STORE #3566 / PELLA,PELLA,MARION
5923,CASEY'S GENERAL STORE #2694 / PELLA,PELLA,MARION
5530,YESWAY #1148 / MARSHALLTOWN,MARSHALLTOWN,MARSHALL
5435,JUNCTION LIQUOR,HARTLEY,O'BRIEN
4899,GRAETTINGER MARKET,GRAETTINGER,PALO ALTO
5940,LAKELAND EZ STOP / RUTHVEN,RUTHVEN,PALO ALTO
6033,CASEY'S GENERAL STORE #2477 / LE MARS,LE MARS,PLYMOUTH
10049,JEFFS FOODS REMSEN / REMSEN,REMSEN,PLYMOUTH
4406,KUM & GO #4020 / ANKENY,ANKENY,POLK
4726,WALGREENS #07454 / ANKENY,ANKENY,POLK
4609,KUM & GO #579 / ANKENY,ANKENY,POLK
4405,KUM & GO #92 / ANKENY,ANKENY,POLK
4767,CASEY'S GENERAL STORE #3075 / ANKENY,ANKENY,POLK
5099,CASEY'S GENERAL STORE #2164 / ANKENY,ANKENY,POLK
10152,SPEEDEE MART 1512 / COUNCIL BLUFFS,COUNCIL BLUFFS,POTTAWATTAMIE
6205,MEGA SAVER / COUNCIL BLUFFS,COUNCIL BLUFFS,POTTAWATTAMIE
10095,CASEY'S #6122 / COUNCIL BLUFFS,COUNCIL BLUFFS,POTTAWATTAMIE
10093,CASEY'S #6117 / COUNCIL BLUFFS,COUNCIL BLUFFS,POTTAWATTAMIE
10139,FAS MART #553 / COUNCIL BLUFFS,COUNCIL BLUFFS,POTTAWATTAMIE
5628,SUPER CONVENIENCE STORE,COUNCIL BLUFFS,POTTAWATTAMIE
6100,MOES MART #3 / COUNCIL BLUFFS,COUNCIL BLUFFS,POTTAWATTAMIE
6175,MALCOM GAS & FOOD / MALCOM,MALCOM,POWESHIEK
5041,CASEY'S GENERAL STORE #3309 / MONTEZ,MONTEZUMA,POWESHIEK
5422,THE DEPOT MONTEZUMA LLC,MONTEZUMA,POWESHIEK
10032,KWIK STAR #1158 / AMES,AMES,STORY
5860,KUM & GO #0217 -AMES,AMES,STORY
4296,CIRCLE B MARKET,KEOSAUQUA,VAN BUREN
5755,CASEY'S GENERAL STORE #0007 / OTTUMWA,OTTUMWA,WAPELLO
5301,YESWAY STORE # 10012/ OTTUMWA,OTTUMWA,WAPELLO
6047,CORNER STOP / WASHINGTON,WASHINGTON,WASHINGTON
4067,FREEMAN FOODS,WELLMAN,WASHINGTON
4453,SID'S GAS AND GROCERIES,FOREST CITY,WINNEBAGO
10106,MILL STREET WINE AND SPIRITS / LAKE MILLS,LAKE MILLS,WINNEBAGO
5977,CASEY'S GENERAL STORE #2305 / BELMOND,BELMOND,WRIGHT
4591,CASEY'S GENERAL STORE #3052 / CLARION,CLARION,WRIGHT
4556,CASEY'S GENERAL STORE #2552 / GOLDFIELD,GOLDFIELD,WRIGHT
6176,MINI-MART / CEDAR FALLS,CEDAR FALLS,BLACK HAWK
4932,B AND B WEST,CEDAR FALLS,BLACK HAWK
5780,CASEY'S GENERAL STORE #2630 / CEDAR FALLS,CEDAR FALLS,BLACK HAWK
5748,CASEY'S GENERAL STORE #1887 / CEDAR FALLS,CEDAR FALLS,BLACK HAWK
6326,BEST DEALS / WATERLOO,WATERLOO,BLACK HAWK
10291,EXPRESS MART / WATERLOO,WATERLOO,BLACK HAWK
5391,CASEY'S GENERAL STORE # 1896/ CLEAR LAKE,CLEARLAKE,CERRO GORDO
6224,MID TOWN LIQUOR & VAPE / MASON CITY,MASON CITY,CERRO GORDO
5282,YESWAY STORE # 10019/ MASON CITY,MASON CITY,CERRO GORDO
6015,CASEY'S GENERAL STORE #19 / MASON CITY,MASON CITY,CERRO GORDO
6011,CASEY'S GENERAL STORE #2437 / MASON CITY,MASON CITY,CERRO GORDO
6012,CASEY'S GENERAL STORE #1893 / MASON CITY,MASON CITY,CERRO GORDO
10133,LATIMER GROCERY / LATIMER,LATIMER,FRANKLIN
4659,CASEY'S GENERAL STORE #2802 / CONRAD,CONRAD,GRUNDY
5879,HOMETOWN FOODS - CONRAD,CONRAD,GUTHRIE
5831,CASEY'S GENERAL STORE #1828 / WEBSTER CITY,WEBSTER CITY,HAMILTON
5428,CASEY'S GENERAL STORE # 2789/ CEDAR RAPIDS,CEDAR RAPIDS,LINN
5604,CASEY'S GENERAL STORE #1599 / MT VERNON,MOUNT VERNON,LINN
5382,CASEY'S GENERAL STORE # 2870/ ALTOONA,ALTOONA,POLK
5392,CASEY'S GENERAL STORE # 1861/ BONDURANT,BONDURANT,POLK
5921,CASEY'S GENERAL STORE #2099 / CLIVE,CLIVE,POLK
5501,QUIK TRIP #530 / EUCLID,DES MOINES,POLK
4599,QUIK TRIP #500 / HUBBELL DM,DES MOINES,POLK
2695,HY-VEE GAS #4 / DES MOINES,DES MOINES,POLK
6299,CASEY'S #3953 / DES MOINES,DES MOINES,POLK
5802,CASEY'S GENERAL STORE #3718 / PLEASANT HILL,PLEASANT HILL,POLK
6063,CASEY'S GENERAL STORE #2406 / PLEASANT HILL,PLEASANT HILL,POLK
2686,HY-VEE GAS - PLEASANT HILL,PLEASANT HILL,POLK
4446,QUIK TRIP #513 / URBANDALE,URBANDALE,POLK
5270,CASEY'S GENERAL STORE # 2783/ URBAND,URBANDALE,POLK
4519,CASEY'S GENERAL STORE #2923 / WDM,WEST DES MOINES,POLK
4696,QUIK TRIP #517 / WEST DES MOINES,WEST DES MOINES,POLK
10182,CARSON COUNTRY STORE LLC / CARSON,CARSON,POTTAWATTAMIE
3880,TARGET STORE T-2454 / COUNCIL BLUFFS,COUNCIL BLUFFS,POTTAWATTAMIE
4738,CASEY'S GENERAL STORE #2284 / COUNCIL BLUFFS,COUNCIL BLUFFS,POTTAWATTAMIE
4608,CASEY'S GENERAL STORE #3050 / COUNCIL BLUFFS,COUNCIL BLUFFS,POTTAWATTAMIE
5861,TAYLOR QUIK PIK - COUNCIL BLUFFS,COUNCIL BLUFFS,POTTAWATTAMIE
6003,CASEY'S GENERAL STORE #2298 / AMES,AMES,STORY
3973,MMDG SPIRITS / AMES,AMES,STORY
5838,CASEY'S GENERAL STORE #2306 / NEVADA,NEVADA,STORY
4197,FAREWAY STORES #014 / SERGEANT BLUFF,SERGEANT BLUFF,WOODBURY
4515,CASEY'S GENERAL STORE #1588 / DOWS,DOWS,WRIGHT
4664,CASEY'S GENERAL STORE #24 / BOONE,BOONE,BOONE
4930,CASEY'S GENERAL STORE #3251 / BOONE,BOONE,BOONE
6085,CIRCLE K #22654122 / BOONE,BOONE,BOONE
5580,CASEY'S GENERAL STORE #2 / BOONE,BOONE,BOONE
4831,L & M GAS & GROCERY / BOONE,BOONE,BOONE
5471,WORLD LIQUOR & TOBACCO + VAPORS,BOONE,BOONE
4838,CASEY'S GENERAL STORE #2448 / OGDEN,OGDEN,BOONE
5777,CASEY'S GENERAL STORE #2610 / ATLANTIC,ATLANTIC,CASS
4873,CASEY'S GENERAL STORE #2559 / GRANGER,GRANGER,DALLAS
5384,CASEY'S GENERAL STORE # 2698/ PERRY,PERRY,DALLAS
5562,CASEY'S GENERAL STORE #2553 / REDFIELD,REDFIELD,DALLAS
10260,BAILEY'S CONVENIENCE / STUART,STUART,GUTHRIE
5269,LEFTY'S CONVENIENCE STORE INC,ALBURNETT,LINN
6045,KUM & GO #3156 / CLIVE,CLIVE,POLK
4804,WALGREENS #07833 / DES MOINES,DES MOINES,POLK
4448,KUM & GO #572 / URBANDALE,URBANDALE,POLK
5935,CASEY'S GENERAL STORE #3932 / URBANDALE,URBANDALE,POLK
6341,HY-VEE FAST AND FRESH #3 / URBANDALE,URBANDALE,POLK
4887,KUM & GO #66 / WEST DES MOINES,WEST DES MOINES,POLK
5355,CASEY'S GENERAL STORE # 3523/ ELDRIDGE,ELDRIDGE,SCOTT
6137,STAR CONVENIENCE / FORT DODGE,FORT DODGE,WEBSTER
5052,CASEY'S GENERAL STORE #3220 / GREENF,GREENFIELD,ADAIR
5459,CASEY'S GENERAL STORE #1653 / CORNING,CORNING,ADAMS
5724,CASEY'S GENERAL STORE #3772,CENTERVILLE,APPANOOSE
5714,YESWAY #1031,CENTERVILLE,APPANOOSE
2674,HY-VEE FOOD STORE / LAMONI,LAMONI,DECATUR
5478,CASEY'S GENERAL STORE #3587 / BURLINGTON,BURLINGTON,DES MOINES
4794,SMOKIN' JOE'S #17 TOBACCO AND LIQUOR OUTLET,BURLINGTON,DES MOINES
5183,CASEY'S GENERAL STORE #77 / CASCADE,CASCADE,DUBUQUE
5585,CASEY'S GENERAL STORE #2544 / NEW LONDON,NEW LONDON,HENRY
4527,CASEY'S GENERAL STORE #30 / GILMORE CITY,GILMORE CITY,HUMBOLDT
5758,CASEY'S GENERAL STORE #51 / HUMBOLDT,HUMBOLDT,HUMBOLDT
5841,SWEETWATER SPIRITS - LIVERMORE,LIVERMORE,HUMBOLDT
5789,CASEY'S GENERAL STORE #2512 / HILLS,HILLS,JOHNSON
5821,CASEY'S GENERAL STORE #3645 / LONE TREE,LONE TREE,JOHNSON
5950,CASEY'S GENERAL STORE #3898 / ANAMOSA,ANAMOSA,JONES
5610,CASEY'S GENERAL STORE #2690 / ANAMOSA,ANAMOSA,JONES
5801,CASEY'S GENERAL STORE #2647 / CENTER POINT,CENTER POINT,LINN
5239,LEFTY'S CONVENIENCE STORE INC.,CENTRAL CITY,LINN
5738,CASEY'S GENERAL STORE #3291,COGGON,LINN
10051,KWIK STAR #1172 / MARION,MARION,LINN
4180,SMOKIN' JOE'S #10 TOBACCO AND LIQUOR OUTLET,MARION,LINN
10077,HAWKS SMOKE SHOP / MARION,MARION,LINN
4605,KUM & GO #509 / MARION,MARION,LINN
4401,KUM & GO #503 / MARION,MARION,LINN
4543,CASEY'S GENERAL STORE #2924 / MARION,MARION,LINN
6056,CASEY'S GENERAL STORE #2770 / MARION,MARION,LINN
5851,CASEY'S GENERAL STORE #74 - MORNING SUN,MORNING SUN,LOUISA
5576,CASEY'S GENERAL STORE #3449 / WAPELLO,WAPELLO,LOUISA
5965,CASEY'S GENERAL STORE #1499 / CHARITON,CHARITON,LUCAS
6053,CASEY'S GENERAL STORE #2307 / MELCHER-DALLAS,MELCHER-DALLAS,MARION
5276,CASEY'S GENERAL STORE # 3502/ STANTO,STANTON,MONTGOMERY
4266,WAL-MART 1683 / SHENANDOAH,SHENANDOAH,PAGE
4937,ROCSTOP,SHENANDOAH,PAGE
5005,LAURENS FOOD PRIDE,LAURENS,POCAHONTAS
5791,CASEY'S GENERAL STORE #2060 / POCAHONTAS,POCAHONTAS,POCAHONTAS
5895,ROLFE HEARTLAND,ROLFE,POCAHONTAS
6140,ROYAL FOOD & LIQUOR / DES MOINES,DES MOINES,POLK
2849,CVS PHARMACY #10162 / DES MOINES,DES MOINES,POLK
5375,CASEY'S GENERAL STORE # 3518/ DES MOINES,DES MOINES,POLK
4803,WALGREENS #07453 / DES MOINES,DES MOINES,POLK
4785,CASEY'S GENERAL STORE #2835 / AVOCA,AVOCA,POTTAWATTAMIE
4633,KWIK SHOP #520 / CARTER LAKE,CARTER LAKE,POTTAWATTAMIE
4741,WALGREENS #03700 / COUNCIL BLUFFS,COUNCIL BLUFFS,POTTAWATTAMIE
6106,MOES MART #4 / COUNCIL BLUFFS,COUNCIL BLUFFS,POTTAWATTAMIE
3728,BREWSKI'S BEVERAGE,COUNCIL BLUFFS,POTTAWATTAMIE
5177,CASEY'S GENERAL STORE #3204 / MINDEN,MINDEN,POTTAWATTAMIE
4418,KUM & GO #1046 / WALNUT,WALNUT,POTTAWATTAMIE
4531,CASEY'S GENERAL STORE #2626 / AFTON,AFTON,UNION
5976,CASEY'S GENERAL STORE #2422 / CRESTON,CRESTON,UNION
4824,CASEY'S GENERAL STORE #3852 / CRESTON,CRESTON,UNION
5109,CASEY'S GENERAL STORE #3404 / CARLIS,CARLISLE,WARREN
5974,CASEY'S GENERAL STORE #14 / CARLISLE,CARLISLE,WARREN
6055,CASEY'S GENERAL STORE #1428 / MILO,MILO,WARREN
5654,TEQUILA WINE & SPIRITS / KALONA,KALONA,WASHINGTON
3910,RIVERSIDE CASINO AND RESORT,RIVERSIDE,WASHINGTON
4402,KUM & GO #80 / RIVERSIDE,RIVERSIDE,WASHINGTON
5894,WHISKEY BUSINESS / ALLERTON,ALLERTON,WAYNE
10071,HIWAY 20 LIQUOR AND TOBACCO / FORT DODGE,FORT DODGE,WEBSTER
5556,CASEY'S GENERAL STORE #2891 / FORT DODGE,FORT DODGE,WEBSTER
5558,CASEY'S GENERAL STORE #1280 / FORT DODGE,FORT DODGE,WEBSTER
5267,THE STATION,FORT DODGE,WEBSTER
5512,CASEY'S GENERAL STORE #3639 / POSTVILLE,POSTVILLE,ALLAMAKEE
4551,CASEY'S GENERAL STORE #2845 / URBANA,URBANA,BENTON
5607,CASEY'S GENERAL STORE #3294 / URBANA,URBANA,BENTON
4228,FAREWAY STORES #462 / VINTON,VINTON,BENTON
5658,CASEY'S GENERAL STORE #3717 / VINTON,VINTON,BENTON
6104,BREW OIL #33 / STORM LAKE,STORM LAKE,BUENA VISTA
6230,BREW #1 WEST LAKE GENERAL STORE / STORM LAKE,STORM LAKE,BUENA VISTA
5548,CASEY'S GENERAL STORE #2628 / LAKE CITY,LAKE CITY,CALHOUN
5962,CASEY'S GENERAL STORE #62 / POMEROY,POMEROY,CALHOUN
4546,CASEY'S GENERAL STORE #2303 / GLIDDEN,GLIDDEN,CARROLL
5367,CASEY'S GENERAL STORE # 2618/ FREDRICKSBURG,FREDERICKSBURG,CHICKASAW
4972,QUILLINS QUALITY FOODS MONONA,MONONA,CLAYTON
5381,CASEY'S GENERAL STORE # 3546/ MONONA,MONONA,CLAYTON
4929,CASEY'S GENERAL STORE #1680 / ADEL,ADEL,DALLAS
4792,CASEY'S GENERAL STORE #2899 / DE SOTO,DE SOTO,DALLAS
4623,CASEY'S GENERAL STORE #1493 / VAN METER,VAN METER,DALLAS
5723,CASEY'S GENERAL STORE #2538-WAUKEE,WAUKEE,DALLAS
5409,CASEY'S GENERAL STORE # 2179/ WAUKEE,WAUKEE,DALLAS
2720,HY-VEE GAS #3 / WDM,WEST DES MOINES,DALLAS
5774,CASEY'S GENERAL STORE #3854  / MANCHESTER,MANCHESTER,DELAWARE
4535,CASEY'S GENERAL STORE #2421 / DUBUQUE,DUBUQUE,DUBUQUE
4711,WALGREENS #06154 / DUBUQUE,DUBUQUE,DUBUQUE
5234,CASEY'S GENERAL STORE #3473 / DUBUQU,DUBUQUE,DUBUQUE
2721,HY-VEE C-STORE #3 / DUBUQUE,DUBUQUE,DUBUQUE
5209,KWIK STOP #848 / DUBUQUE,DUBUQUE,DUBUQUE
5479,CASEY'S GENERAL STORE #3534 / CLERMONT,CLERMONT,FAYETTE
4521,CASEY'S GENERAL STORE #1002 / GRAND JUNCTION,GRAND JUNCTION,GREENE
6240,RACEWAY 80 / NEWTON,NEWTON,JASPER
6279,BP TO GO  #3 / CEDAR RAPIDS,CEDAR RAPIDS,LINN
6216,HY-VEE C-STORE #3 / CEDAR RAPIDS,CEDAR RAPIDS,LINN
4548,CASEY'S GENERAL STORE #2594 / WALKER,WALKER,LINN
6219,CASEY'S #4025 / MUSCATINE,MUSCATINE,MUSCATINE
5625,OASIS / DES MOINES,DES MOINES,POLK
5332,CASEY'S GENERAL STORE # 3507/ GRIMES,GRIMES,POLK
10334,SPIRIT LIQUOR - 1 / GRIMES,GRIMES,POLK
4375,KUM & GO #237 / GRIMES,GRIMES,POLK
10052,KWIK STAR #1097 / URBANDALE,URBANDALE,POLK
5854,CASEY'S GENERAL STORE #1068 - DAVENPORT,DAVENPORT,SCOTT
5642,WASPY'S TRUCK STOP,AUDUBON,AUDUBON
4523,CASEY'S GENERAL STORE #2563 / EXIRA,EXIRA,AUDUBON
5619,CASEY'S GENERAL STORE #3041 / ELK RUN HEIGHTS,ELK RUN HEIGHTS,BLACK HAWK
2837,CVS PHARMACY #8544 / WATERLOO,WATERLOO,BLACK HAWK
10290,WEST SIDE LIQUOR / WATERLOO,WATERLOO,BLACK HAWK
5007,BROTHER'S MARKET / DENVER,DENVER,BREMER
5848,WEST FORTY MARKET - GREENE,GREENE,BUTLER
10135,"BUDDAS ONE STOP, LLC",STANWOOD,CEDAR
5760,CASEY'S GENERAL STORE #72 / TIPTON,TIPTON,CEDAR
9049,TYCOGA VINEYARD & WINERY (ET),DEWITT,CLINTON
5753,CASEY'S GENERAL STORE #2639 / MAYNARD,MAYNARD,FAYETTE
10130,WILDCAT DISTILLING / WEBSTER CITY (ET),WEBSTER CITY,HAMILTON
4497,CASEY'S GENERAL STORE #20 / ALDEN,ALDEN,HARDIN
4658,CASEY'S GENERAL STORE #3027 / IOWA FALLS,IOWA FALLS,HARDIN
5979,CASEY'S GENERAL STORE #2665 / WOODBINE,WOODBINE,HARRISON
5638,CASEY'S GENERAL STORE #3757 / IDA GROVE,IDA GROVE,IDA
4713,WALGREENS #10985 / CORALVILLE,CORALVILLE,JOHNSON
5445,CASEY'S GENERAL STORE # 2781/ IOWA CITY,IOWA CITY,JOHNSON
5813,CASEY'S GENERAL STORE #2791 / CEDAR RAPIDS,CEDAR RAPIDS,LINN
5945,CASEY'S GENERAL STORE #3899 / CEDAR RAPIDS,CEDAR RAPIDS,LINN
4493,CASEY'S GENERAL STORE #2850 / CEDAR RAPIDS,CEDAR RAPIDS,LINN
5618,CASEY'S GENERAL STORE #1446 / LISBON,LISBON,LINN
5408,CASEY'S GENERAL STORE # 1441/ MARSHALLTOWN,MARSHALLTOWN,MARSHALL
5393,CASEY'S GENERAL STORE # 1799/ OSAGE,OSAGE,MITCHELL
5532,THE FOOD CENTER,SAINT ANSGAR,MITCHELL
4533,CASEY'S GENERAL STORE #1985 / ST. ANSGAR,ST ANSGAR,MITCHELL
5683,CASEY'S GENERAL STORE #2697 / ONAWA,ONAWA,MONONA
10229,SHELDON TRUCK PLAZA INC. / SHELDON,SHELDON,O'BRIEN
6102,BREW OIL #53 / SIBLEY,SIBLEY,OSCEOLA
5989,CASEY'S GENERAL STORE #1134 / GRINNELL,GRINNELL,POWESHIEK
4911,CASEY'S GENERAL STORE #1061 / PRINCETON,PRINCETON,SCOTT
10149,BREW OIL #13 / ORANGE CITY,ORANGE CITY,SIOUX
10145,"NUEVO VALLARTA GROCERY & JEWELRY, LLC / SIOUX CITY /",SIOUX CENTER,SIOUX
10018,KWIK STAR #710 / TOLEDO,TOLEDO,TAMA
5317,CASEY'S GENERAL STORE # 2653 / TOLEDO,TOLEDO,TAMA
4703,WALGREENS #00910 / SIOUX CITY,SIOUX CITY,WOODBURY
4554,KUM & GO #229 / SIOUX CITY,SIOUX CITY,WOODBURY
6002,CASEY'S GENERAL STORE #2597 / SLOAN,SLOAN,WOODBURY
5399,CASEY'S GENERAL STORE # 1876/MANLY,MANLY,WORTH
5775,CASEY'S GENERAL STORE #1378 / JESUP,JESUP,BUCHANAN
5516,QUIK N HANDI III,LAMONT,BUCHANAN
4508,CASEY'S GENERAL STORE #2877 / SPENCER,SPENCER,CLAY
4855,CASEY'S GENERAL STORE #3200 / STRAWBERRY POINT,STRAWBERRY POINT,CLAYTON
5761,CASEY'S GENERAL STORE #1315 / ARNOLDS PARK,ARNOLDS PARK,DICKINSON
6049,CASEY'S GENERAL STORE #1130 / REINBECK,REINBECK,GRUNDY
5379,YESWAY STORE # 1036/ KANAWHA,KANAWHA,HANCOCK
5836,CASEY'S GENERAL STORE #1612 / MOUNT PLEASANT,MOUNT PLEASANT,HENRY
6302,JET STOP SALEM STUB / SALEM,SALEM,HENRY
10216,KRAMER'S INC.,SALEM,HENRY
5822,CASEY'S GENERAL STORE #2836 / MONROE,MONROE,JASPER
2681,HY-VEE C-STORE / FAIRFIELD,FAIRFIELD,JEFFERSON
6296,JET STOP / FAIRFIELD,FAIRFIELD,JEFFERSON
5062,CASEY'S GENERAL STORE #2318 / MONTRO,MONTROSE,LEE
10191,WEVER JUNCTION INC / WEVER,WEVER,LEE
5200,OTTER CREEK COUNTRY STORE,ROBINS,LINN
6274,OSKALOOSA WATERING HOLE,OSKALOOSA,MAHASKA
10017,KWIK STAR #1119 / EMMETSBURG,EMMETSBURG,PALO ALTO
10314,KUM & GO #2212 / ANKENY,ANKENY,POLK
4404,KUM & GO #292 / ANKENY,ANKENY,POLK
10140,FAS MART #552 / COUNCIL BLUFFS,COUNCIL BLUFFS,POTTAWATTAMIE
3065,MONTEZUMA SUPER VALU,MONTEZUMA,POWESHIEK
5279,CASEY'S GENERAL STORE # 2560/ AMES,AMES,STORY
6308,LIQUOR LAND / AMES,AMES,STORY
5778,CASEY'S GENERAL STORE #2474 / HUXLEY,HUXLEY,STORY
4130,"BOYD GROCERY, INC.",KEOSAUQUA,VAN BUREN
5820,CASEY'S GENERAL STORE #57 / EDDYVILLE,EDDYVILLE,WAPELLO
10090,WEST SECOND BP / OTTUMWA,OTTUMWA,WAPELLO
10223,4 WAY STOP SHOP / MOVILLE,MOVILLE,WOODBURY
5302,YESWAY STORE # 10034/ BELMOND,BELMOND,WRIGHT
6234,EL VALLE TIENDA Y CARNICERIA / EAGLE GROVE,EAGLE GROVE,WRIGHT
4723,WALGREENS #10557 / CEDAR FALLS,CEDAR FALLS,BLACK HAWK
5296,YESWAY STORE # 10021/ WEBSTER CITY,WEBSTER CITY,HAMILTON
5982,CASEY'S GENERAL STORE #6 / ALTOONA,ALTOONA,POLK
5816,CASEY'S GENERAL STORE #2916 / ALTOONA,ALTOONA,POLK
5363,CASEY'S GENERAL STORE # 2253/ CLIVE,CLIVE,POLK
4795,WALGREENS #00359 / DES MOINES,DES MOINES,POLK
5425,SPIRITS LIQUOR / GRIMES,GRIMES,POLK
4853,KUM & GO #62 / JOHNSTON,JOHNSTON,POLK
5981,CASEY'S GENERAL STORE #3244 / URBANDALE,URBANDALE,POLK
10023,HY-VEE FAST AND FRESH #3 (7592) / WEST DES MOINES,WEST DES MOINES,POLK
2708,HY-VEE FAST AND FRESH - WINDSOR HEIGHTS,WINDSOR HEIGHTS,POLK
6167,SPEEDEE MART 1515 / COUNCIL BLUFFS,COUNCIL BLUFFS,POTTAWATTAMIE
6096,BREW OIL #41 / ALBERT CITY,ALBERT CITY,BUENA VISTA
4880,CASEY'S GENERAL STORE #1567 / ANITA,ANITA,CASS
5082,CASEY'S GENERAL STORE #2365 / ATLANT,ATLANTIC,CASS
5925,FREDRICKSBURG FOOD CENTER,FREDERICKSBURG,CHICKASAW
10043,GARNAVILLO SPEEDE SHOPPE / GARNAVILLO,GARNAVILLO,CLAYTON
10062,KWIK STAR #711 / MONONA,MONONA,CLAYTON
5912,JMC SUPERMARKET / PERRY,PERRY,DALLAS
4577,CASEY'S GENERAL STORE #2551 / WOODWARD,WOODWARD,DALLAS
10155,CASEY'S #4324 / PALO,PALO,LINN
10129,TROY MILLS / TROY MILLS,TROY MILLS,LINN
4542,CASEY'S GENERAL STORE #2994 / LAUREN,LAURENS,POCAHONTAS
4362,KUM & GO #135 / POLK CITY,POLK CITY,POLK
5782,CASEY'S GENERAL STORE #3606,URBANDALE,POLK
6023,VALLEY WEST CORNER STORE / WDM,WEST DES MOINES,POLK
6042,COUNTRYSIDE MARKET / MINDEN,MINDEN,POTTAWATTAMIE
4424,CIRCLE K #4706601 / BURLINGTON,BURLINGTON,DES MOINES
4722,WALGREENS #09476 / BURLINGTON,BURLINGTON,DES MOINES
6291,JET STOP BURLINGTON SOUTH / BURLINGTON,BURLINGTON,DES MOINES
5754,CASEY'S GENERAL STORE #2342 / BURLINGTON,BURLINGTON,DES MOINES
5547,CASEY'S GENERAL STORE #3024 / MEDIAPOLIS,MEDIAPOLIS,DES MOINES
5697,CASEY'S #3770 - GLENWOOD,GLENWOOD,MILLS
6133,LINCOLN FARM AND HOME 3 / PACIFIC JUNCTION,PACIFIC JUNCTION,MILLS
4912,CASEY'S GENERAL STORE #2531 / ELDRIDGE,ELDRIDGE,SCOTT
4472,QUICK SHOP FOODS / CENTERVILLE,CENTERVILLE,APPANOOSE
4210,SICHANH LIQUOR STORE,STORM LAKE,BUENA VISTA
5377,CASEY'S GENERAL STORE # 2517/ ROCKWELL CITY,ROCKWELL CITY,CALHOUN
5240,CASEY'S GENERAL STORE #3463 / WEST B,WEST BRANCH,CEDAR
9047,REVELTON DISTILLING COMPANY (ET),OSCEOLA,CLARKE
4419,KUM & GO #4 / LAMONI,LAMONI,DECATUR
4712,WALGREENS #11942 / DUBUQUE,DUBUQUE,DUBUQUE
4585,CASEY'S GENERAL STORE #2561 / FARLEY,FARLEY,DUBUQUE
6093,CASEY'S #2741 / SIDNEY,SIDNEY,FREMONT
5834,CASEY'S GENERAL STORE #1417 / IOWA FALLS,IOWA FALLS,HARDIN
5588,CASEY'S GENERAL STORE #2533 / MARENGO,MARENGO,IOWA
4788,WALGREENS #12580 / CEDAR RAPIDS,CEDAR RAPIDS,LINN
5190,GUPPY'S ON THE GO / WALFORD,WALFORD,LINN
10298,CASEY'S #4308 / CHARITON,CHARITON,LUCAS
4510,CASEY'S GENERAL STORE #1007 / MALVERN,MALVERN,MILLS
3542,CHUCK'S SPORTSMANS BEVERAGE,ST ANSGAR,MITCHELL
5757,CASEY'S GENERAL STORE #1651 / ALBIA,ALBIA,MONROE
5756,CASEY'S GENERAL STORE #1577 / ALBIA,ALBIA,MONROE
4643,CUBBY'S RED OAK,RED OAK,MONTGOMERY
6016,CASEY'S GENERAL STORE #2467 / CLARINDA,CLARINDA,PAGE
6051,CASEY'S GENERAL STORE #1712 / SHENANDOAH,SHENANDOAH,PAGE
4731,WALGREENS #05060 / CLIVE,CLIVE,POLK
2703,HY-VEE FAST AND FRESH / CLIVE,CLIVE,POLK
10024,HY-VEE FAST AND FRESH #2 (7591) / WEST DES MOINES,WEST DES MOINES,POLK
4968,CASEY'S GENERAL STORE #3042 / BROOKLYN,BROOKLYN,POWESHIEK
4781,CASEY'S GENERAL STORE #3079 / EARLY,EARLY,SAC
5544,CASEY'S GENERAL STORE #2834 / LENOX,LENOX,TAYLOR
5515,FINE LIQUOR & TOBACCO,OTTUMWA,WAPELLO
4654,KUM & GO #510 / STUART,STUART,ADAIR
6058,PANTHER TRAVEL CENTER / CEDAR FALLS,CEDAR FALLS,BLACK HAWK
5368,CASEY'S GENERAL STORE # 2169/ INDEPENDENCE,INDEPENDENCE,BUCHANAN
10048,KWIK STAR #1156 / OELWEIN,OELWEIN,FAYETTE
5096,WALGREENS #11710 / NORTH LIBERTY,NORTH LIBERTY,JOHNSON
10340,URBAN FUEL / NORTH LIBERTY,NORTH LIBERTY,JOHNSON
6232,KWIK STAR #1154 / SHELDON,SHELDON,O'BRIEN
5419,CASEY'S GENERAL STORE # 3604/HINTON,HINTON,PLYMOUTH
10147,PONY EXPRESS / SLOAN,SLOAN,WOODBURY
10306,ATLANTIC LIQUOR / ATLANTIC,ATLANTIC,CASS
9052,173 CRAFT DISTILLERY (ET),CLEAR LAKE,CERRO GORDO
6247,MINI MART #3 / CHARLES CITY,CHARLES CITY,FLOYD
5469,CHROME TRUCK STOP,ALGONA,KOSSUTH
5353,NEW STAR / PELLA,PELLA,MARION
10192,ENGEN EXPRESS / RIDGEWAY,RIDGEWAY,WINNESHIEK
6220,PRIME WINE AND SPIRITS / MASON CITY,MASON CITY,CERRO GORDO
6017,CASEY'S GENERAL STORE #2458 / MASON CITY,MASON CITY,CERRO GORDO
2715,HY-VEE FOOD STORE / DENISON,DENISON,CRAWFORD
4499,CASEY'S GENERAL STORE #1316 / MILFORD,MILFORD,DICKINSON
5489,CASEY'S GENERAL STORE #1550 / WINFIELD,WINFIELD,HENRY
4689,WALGREENS #11759 / FORT MADISON,FORT MADISON,LEE
5717,CASEY'S GENERAL STORE #3789,ALTOONA,POLK
10057,KWIK STAR #1186 / ALTOONA,ALTOONA,POLK
4695,WALGREENS #09791 / ALTOONA,ALTOONA,POLK
4802,WALGREENS #07452 / DES MOINES,DES MOINES,POLK
10234,LA TROPICANA / URBANDALE,URBANDALE,POLK
10111,CASEY'S #4315 - AMES,AMES,STORY
4578,CASEY'S GENERAL STORE #2592 / FARMINGTON,FARMINGTON,VAN BUREN
5798,CASEY'S GENERAL STORE #3528 / WASHINGTON,WASHINGTON,WASHINGTON
4537,CASEY'S GENERAL STORE #1834 / LEON,LEON,DECATUR
4859,CIRCLE K #4706604 / BURLINGTON,BURLINGTON,DES MOINES
5954,OLD 34 GAS & GRILL / DANVILLE,DANVILLE,DES MOINES
4857,WESTLAND FAST BREAK,WEST BURLINGTON,DES MOINES
4775,CASEY'S GENERAL STORE #37 / DAKOTA CITY,DAKOTA CITY,HUMBOLDT
10148,PETRO AND MORE / LETTS,LETTS,LOUISA
4801,WALGREENS #05852 / DES MOINES,DES MOINES,POLK
6208,HY-VEE FAST AND FRESH / GRIMES,GRIMES,POLK
2689,HY-VEE C-STORE - DOUGLAS,URBANDALE,POLK
5342,CASEY'S GENERAL STORE # 3509/ CARTER LAKE,CARTER LAKE,POTTAWATTAMIE
10333,"FAREWAY STORES, INC. #077B / NORWALK",NORWALK,WARREN
5811,CASEY'S GENERAL STORE #2629 / RIVERSIDE,RIVERSIDE,WASHINGTON
2677,HY-VEE FAST & FRESH EXPRESS / CENTERVILLE,CENTERVILLE,APPANOOSE
4720,CHARITON BP,CHARITON,LUCAS
5217,CASEY'S GENERAL STORE #1511 / SEYMOU,SEYMOUR,WAYNE
5983,CASEY'S GENERAL STORE #1997 / WAUKON,WAUKON,ALLAMAKEE
4607,CASEY'S GENERAL STORE #1024 / GUTTEN,GUTTENBERG,CLAYTON
5852,CASEY'S GENERAL STORE #2256 - DEWITT,DEWITT,CLINTON
5624,CASEY'S GENERAL STORE #1065 / ASBURY,DUBUQUE,DUBUQUE
10282,ANDY'S MINI MART / RICEVILLE,RICEVILLE,HOWARD
5214,FAS MART #5148 / CEDAR RAPIDS,CEDAR RAPIDS,LINN
5795,CASEY'S GENERAL STORE #61 / WILTON,WILTON,MUSCATINE
2698,HY-VEE GAS #4 - WDM,WEST DES MOINES,POLK
5156,CASEY'S GENERAL STORE #1020  / LE CL,LE CLAIRE,SCOTT
5394,CASEY'S GENERAL STORE #2183/DECORAH,DECORAH,WINNESHIEK
5321,CASEY'S GENERAL STORE # 3513/ BELLE PLAINE,BELLE PLAINE,BENTON
5711,CASEY'S GENERAL STORE #2864/EVANSDALE,EVANSDALE,BLACK HAWK
5872,THE SNACK SHACK / WATERLOO,WATERLOO,BLACK HAWK
10276,KWIK STAR #715 / WATERLOO,WATERLOO,BLACK HAWK
5400,WASPY'S TRUCK STOP,TEMPLETON,CARROLL
10352,CASEY'S #4319 / PERRY,PERRY,DALLAS
5175,KWIK STOP DELHI,DELHI,DELAWARE
5225,THE STATION II / NORTH LIBERTY,NORTH LIBERTY,JOHNSON
6280,BP TO GO #1 / CEDAR RAPIDS,CEDAR RAPIDS,LINN
6244,KWIK STAR #1146 / CEDAR RAPIDS,CEDAR RAPIDS,LINN
5890,WESTSIDE HOUSER MART / MUSCATINE,MUSCATINE,MUSCATINE
10350,SUPER SAVER LIQUOR / MUSCATINE,MUSCATINE,MUSCATINE
4985,CASEY'S GENERAL STORE #2519 / MERRILL,MERRILL,PLYMOUTH
5855,TAYLOR QUIK PIK - HARLAN,HARLAN,SHELBY
5627,CASEY'S GENERAL STORE #2275 / SIOUX CITY,SIOUX CITY,WOODBURY
5835,CASEY'S GENERAL STORE #3961 / MARCUS,MARCUS,CHEROKEE
5581,CASEY'S GENERAL STORE #2488 / N ENGLISH,NORTH ENGLISH,IOWA
5810,CASEY'S GENERAL STORE #2576 / WHAT CHEER,WHAT CHEER,KEOKUK
6193,HY-VEE C STORE #5 / CEDAR RAPIDS,CEDAR RAPIDS,LINN
6277,BP TO GO #5 / HIAWATHA,HIAWATHA,LINN
4756,WALGREENS #03196 / MARSHALLTOWN,MARSHALLTOWN,MARSHALL
6310,JET STOP BIRMINGHAM / BIRMINGHAM,BIRMINGHAM,VAN BUREN
5806,CASEY'S GENERAL STORE #1159 / CORRECTIONVILLE,CORRECTIONVILLE,WOODBURY
10168,MT VERNON DISCOUNT MARKET LLC / CEDAR RAPIDS,CEDAR RAPIDS,LINN
4733,WALGREENS #03773 / URBANDALE,URBANDALE,POLK
2717,HY-VEE GAS #5018 / AMES,AMES,STORY
10346,SUNDOWN LIQUOR AND GROCERIES / NEVADA,NEVADA,STORY
6309,KEYSTONE MINI MART / KEYSTONE,KEYSTONE,BENTON
5809,CASEY'S GENERAL STORE #26 / PERRY,PERRY,DALLAS
4782,CASEY'S GENERAL STORE #2529 / LAMONI,LAMONI,DECATUR
6297,JET STOP BURLINGTON NORTH / BURLINGTON,BURLINGTON,DES MOINES
5631,MARION MARKET & CAFE',MARION,LINN
5964,CASEY'S GENERAL STORE #3032 / CHARITON,CHARITON,LUCAS
10179,KLINE'S QUICK TIME / KNOXVILLE,KNOXVILLE,MARION
10189,HY-VEE / KNOXVILLE,KNOXVILLE,MARION
10050,TOBACCO HUT / ANKENY,ANKENY,POLK
4732,WALGREENS #07967 / CLIVE,CLIVE,POLK
5543,CASEY'S GENERAL STORE #2541 / BEDFORD,BEDFORD,TAYLOR
2710,HY-VEE GAS #1 / OTTUMWA,OTTUMWA,WAPELLO
4849,C FRESH MARKET,DES MOINES,POLK
5506,CASEY'S GENERAL STORE #2168 / DAVENPORT,DAVENPORT,SCOTT
4724,WALGREENS #05942 / NEWTON,NEWTON,JASPER
4843,STEWART ROAD FAST BREAK,MUSCATINE,MUSCATINE
5764,CASEY'S GENERAL STORE #1484 / MUSCATINE,MUSCATINE,MUSCATINE
10348,SPIRITS WORLD / INDIANOLA,INDIANOLA,WARREN
2676,HY-VEE GAS / INDIANOLA,INDIANOLA,WARREN
5721,WEST MAIN LIQUOR,CALMAR,WINNESHIEK
5759,CASEY'S GENERAL STORE #42 / WELLMAN,WELLMAN,WASHINGTON
6131,LEEDS FOOD N FUEL / SIOUX CITY,SIOUX CITY,WOODBURY
4988,HAPPY'S WINE & SPIRITS WHOLESALE,CEDAR FALLS,BLACK HAWK
5783,CASEY'S GENERAL STORE #2319 / FT MADISON,FORT MADISON,LEE
6293,JET STOP WEST POINT / WEST POINT,WEST POINT,LEE
10259,LALO'S LIQUOR STORE / AMES,AMES,STORY
4735,WALGREENS #01301 / OTTUMWA,OTTUMWA,WAPELLO
6273,HY-VEE GAS #2 / BURLINGTON,BURLINGTON,DES MOINES
4721,WALGREENS #05044 / BURLINGTON,BURLINGTON,DES MOINES
4800,WALGREENS #07968 / DES MOINES,DES MOINES,POLK
10310,CASEY'S #4504 / DOWS,DOWS,WRIGHT
10356,SHELLSBURG QUICK STOP / SHELLSBURG,SHELLSBURG,BENTON
10042,ELKADER PRONTO MARKET / ELKADER,ELKADER,CLAYTON
4736,WALGREENS #03876 / MARION,MARION,LINN
5990,CASEY'S GENERAL STORE #1610 / KNOXVILLE,KNOXVILLE,MARION
5452,CASEY'S GENERAL STORE # 1591/ DECORAH,DECORAH,WINNESHIEK
5659,CASEY'S GENERAL STORE #3679 / STORM LAKE,STORM LAKE,BUENA VISTA
4688,WALGREENS #10770 / CARROLL,CARROLL,CARROLL
6315,CORNERSTONE APOTHECARY / MARENGO,MARENGO,IOWA
10353,ANDREW COUNTRY MART / ANDREW,ANDREW,JACKSON
6270,SUNDSTOP / OLIN,OLIN,JONES
6332,KWIK STAR #1107 / CEDAR RAPIDS,CEDAR RAPIDS,LINN
5776,CASEY'S GENERAL STORE #2890 / WEST LIBERTY,WEST LIBERTY,MUSCATINE
5294,YESWAY STORE # 10022/ WATERLOO,WATERLOO,BLACK HAWK
10347,THE SPOT SMOKE SHOP / INDEPENDENCE,INDEPENDENCE,BUCHANAN
5277,CUBBY'S ONAWA,ONAWA,MONONA
4975,WALGREENS #15647 / SIOUX CITY,SIOUX CITY,WOODBURY
4791,WALGREENS #05470 / SIOUX CITY,SIOUX CITY,WOODBURY
10294,SANCHEZ GROCERY LLC / CORWITH,CORWITH,HANCOCK
6200,HY-VEE C STORE / MT. PLEASANT,MOUNT PLEASANT,HENRY
5986,CASEY'S GENERAL STORE #2366 / OSKALOOSA,OSKALOOSA,MAHASKA
10296,US SMOKE SHOP #1 / OTTUMWA,OTTUMWA,WAPELLO
10362,MASON MART / MASON CITY,MASON CITY,CERRO GORDO
4739,WALGREENS #05306 / COUNCIL BLUFFS,COUNCIL BLUFFS,POTTAWATTAMIE
10345,HOPSTOP LIQUOR AND GROCERIES / NEVADA,NEVADA,STORY
2690,HY-VEE FAST & FRESH - KNOXVILLE,KNOXVILLE,MARION
10339,CASEY'S #4294 / CORYDON,CORYDON,WAYNE
5328,CORNERSTONE APOTHECARY / VAN HORNE,VAN HORNE,BENTON
10123,OLY'S C STORE / JEFFERSON,JEFFERSON,GREENE
4326,STRATFORD FOOD CENTER,STRATFORD,HAMILTON
5542,CASEY'S GENERAL STORE #2578 / MAQUOKETA,MAQUOKETA,JACKSON
6281,MARTELLE STORE / MARTELLE,MARTELLE,JONES
10112,CASEY'S #4314 - AMES,AMES,STORY
10244,OTHO CONVENIENCE AND FOOD / OTHO,OTHO,WEBSTER
10360,CASEY'S #4539 / ROCK RAPIDS,ROCK RAPIDS,LYON
5790,CASEY'S GENERAL STORE #1166 / HULL,HULL,SIOUX
4714,WALGREENS #05943 / INDIANOLA,INDIANOLA,WARREN
10361,EVANSDALE MARKET PLACE / EVANSDALE,EVANSDALE,BLACK HAWK
6138,URBAN FUEL EXPRESS / IOWA CITY,IOWA CITY,JOHNSON
10067,BP TO GO #2 / CEDAR RAPIDS,CEDAR RAPIDS,LINN
6134,AKRON STOP / ALGONA,ALGONA,KOSSUTH
4727,WALGREENS #07996 / ANKENY,ANKENY,POLK
4718,WALGREENS #06623 / WEST DES MOINES,WEST DES MOINES,POLK
10349,MEGA SAVER / COUNCIL BLUFFS,COUNCIL BLUFFS,POTTAWATTAMIE
5751,CASEY'S GENERAL STORE #2346 / BURLINGTON,BURLINGTON,DES MOINES
3710,NEW YORK DOLLAR STORE,COLUMBUS JUNCTION,LOUISA
10354,CRESTON LIQUORS / CRESTON,CRESTON,UNION
5306,FAS MART # 5159/ DUBUQUE,DUBUQUE,DUBUQUE
10365,K & N MINI MART,STACYVILLE,MITCHELL
9039,FOUNDRY DISTILLING COMPANY (ET),WEST DES MOINES,POLK
10357,FAIRBANK FOOD CENTER / FAIRBANK,FAIRBANK,BUCHANAN
3826,LAKESIDE HOTEL & CASINO,OSCEOLA,CLARKE
2692,HY-VEE FAST & FRESH EXPRESS -OSCELOA,OSCEOLA,CLARKE
5086,BREW FLOYD / SIOUX CITY,SIOUX CITY,WOODBURY
6218,BOJI JUNCTION / MILFORD,MILFORD,DICKINSON
5744,CASEY'S GENERAL STORE #1624 / WASHINGTON,WASHINGTON,WASHINGTON
4744,WALGREENS #03875 / CEDAR RAPIDS,CEDAR RAPIDS,LINN
10370,CITY SMOKE SHOP / JOHNSTON,JOHNSTON,POLK
4734,WALGREENS #04973 / URBANDALE,URBANDALE,POLK
2854,CVS / PHARMACY #10480 / URBANDALE,URBANDALE,POLK
2847,CVS PHARMACY #10032 / MARION,MARION,LINN
4797,WALGREENS #05362 / DES MOINES,DES MOINES,POLK
2693,HY-VEE FAST & FRESH EXPRESS / CRESTON,CRESTON,UNION
10109,ROSS TOBACCO SHOP / OTTUMWA,OTTUMWA,WAPELLO
4746,WALGREENS #05885 / MUSCATINE,MUSCATINE,MUSCATINE
4719,WALGREENS #06677 / WEST DES MOINES,WEST DES MOINES,POLK
5608,CASEY'S GENERAL STORE #2634 / EDGEWOOD,EDGEWOOD,CLAYTON
4710,WALGREENS #09708 / DUBUQUE,DUBUQUE,DUBUQUE
10220,VAPE AND SMOKE / TAMA,TAMA,TAMA
6157,OKOBOJI GAS COMPANY / MILFORD,MILFORD,DICKINSON
2835,CVS PHARMACY #8538 / CEDAR FALLS,CEDAR FALLS,BLACK HAWK
4668,RANDY'S NEIGHBORHOOD MARKET,CLEARLAKE,CERRO GORDO
5636,HAWKS SMOKE SHOP / MARION,CEDAR RAPIDS,LINN
10375,"AL & JA'S GAS & LIQUORS, LLC",NEW SHARON,MAHASKA
2852,CVS PHARMACY #10329 / MERLE HAY,DES MOINES,POLK
10378,CROSSROADS / HAMPTON,HAMPTON,FRANKLIN
5675,10TH HOLE INN & SUITE / GIFT SHOP,RICEVILLE,HOWARD
10374,MCDERMOTT OIL COMPANY / EARLVILLE,EARLVILLE,DELAWARE
5980,CASEY'S GENERAL STORE #2527 / SHELDON,SHELDON,O'BRIEN
10364,CALMAR TOBACCO OUTLET / CALMAR,CALMAR,WINNESHIEK
6026,MOD / KEOKUK,KEOKUK,LEE
2848,CVS PHARMACY #10114 / ANKENY,ANKENY,POLK
10211,DOUDS KWIK STOP / DOUDS,DOUDS,VAN BUREN
10366,CASEY'S #4279 / CEDAR FALLS,CEDAR FALLS,BLACK HAWK
4755,WALGREENS #05941 / MASON CITY,MASON CITY,CERRO GORDO
10381,HURRIBAK IV DISTRIBUTION / CHARITON,CHARITON,LUCAS
6278,ADVENTURELAND / ALTOONA,ALTOONA,POLK
10338,HY-VEE FAST AND FRESH / CUMMING,CUMMING,WARREN
2844,CVS PHARMACY #8547 / IOWA CITY,IOWA CITY,JOHNSON
4759,WALGREENS #10855 / WATERLOO,WATERLOO,BLACK HAWK
10385,GARNAVILLO SPEED SHOPPE / GARNAVILLO,GARNAVILLO,CLAYTON
4056,TARGET STORE T-0860 / WEST BURLINGTON,WEST BURLINGTON,DES MOINES
5949,HAWKEYE LIQUOR & TOBACCO / IOWA CITY,CEDAR RAPIDS,LINN
